user_id,name,sex,age,major,GPA,location,university,skills
U00001,Mark Rush,Male,24,Biology,2.91,East Kelli,Ltd,"SQL,Communication,AI,Cloud Computing"
U00002,Joseph Hall,Female,25,Business,2.7,West Matthew,Group,"Management,C++,Data Analysis,Marketing"
U00003,Danielle Mays,Female,27,Physics,2.32,Thomasmouth,Inc,"Marketing,AI"
U00004,Colleen Gamble,Male,28,Engineering,2.09,Brownmouth,Ltd,"Java,Cloud Computing,Machine Learning"
U00005,Theodore Hernandez,Male,26,Economics,3.47,Brycestad,PLC,"SQL,Java,Management"
U00006,Paul Henry II,Female,21,Marketing,2.07,North Rachelport,Ltd,"Java,C++,Machine Learning"
U00007,Kelli Collins,Female,22,Biology,2.09,East Josephbury,Ltd,"C++,Management,SQL,Machine Learning,Marketing"
U00008,Charles Davis,Female,22,Computer Science,3.45,Leahborough,Ltd,"Cloud Computing,Python,SQL,Marketing,C++"
U00009,Monica Smith,Male,26,Psychology,2.89,North Anne,Inc,"Marketing,Cloud Computing,Java"
U00010,Deborah Hernandez,Male,20,Physics,2.09,North Jerry,PLC,"Java,Marketing,SQL,Cloud Computing"
U00011,Annette Fox,Female,30,Engineering,3.86,North Aaron,PLC,"Java,Data Analysis,Python"
U00012,Sarah Moore,Female,23,Business,3.94,East Mariafurt,Inc,"Communication,Python,Machine Learning,Marketing,AI"
U00013,Duane Baker,Male,20,Computer Science,3.22,New Joshuaview,and Sons,"Design,C++"
U00014,Tina Carey,Male,24,Engineering,2.4,South Kellyland,and Sons,"Management,Communication,Data Analysis,SQL,Machine Learning"
U00015,Allison Smith,Female,23,Marketing,2.23,Port Jeremychester,Group,"Management,AI,Java,Marketing"
U00016,Donna Johnson,Female,22,Psychology,3.47,Christianhaven,PLC,"Marketing,Design,Management,Machine Learning"
U00017,Matthew Aguirre,Female,29,Biology,3.2,Deborahside,Group,"C++,SQL"
U00018,Randy King,Female,24,Economics,3.48,Nicolefurt,Group,"Python,AI"
U00019,Jon Michael,Male,21,Economics,3.49,Holtfurt,and Sons,"AI,Python"
U00020,Mr. James Smith,Female,30,Computer Science,3.77,Joanberg,and Sons,"Cloud Computing,Design,Communication,SQL"
U00021,Mr. Robert Serrano,Male,30,Computer Science,3.85,Port Luismouth,PLC,"Management,Python"
U00022,Carrie Saunders,Male,27,Psychology,3.91,Wardland,Group,"Machine Learning,Design"
U00023,Jennifer Lane,Male,20,Marketing,2.65,North Megan,LLC,"Cloud Computing,Python,Design"
U00024,Kenneth Williams,Male,29,Engineering,2.92,Meganfort,Group,"Marketing,Management,Java"
U00025,Amy Miller,Male,22,Physics,3.49,North Judithton,and Sons,"Communication,AI,C++,Machine Learning,Management"
U00026,Manuel Ruiz,Male,22,Marketing,3.41,South David,Ltd,"Communication,Python"
U00027,Robert Evans,Male,20,Computer Science,3.14,West Jeffreychester,LLC,"C++,Cloud Computing,Java"
U00028,Dr. David Lewis,Male,25,Engineering,2.7,North Williamfurt,Group,"Python,Cloud Computing,Machine Learning,Java"
U00029,Jessica Jefferson,Female,23,Physics,3.41,East Bob,Ltd,"Java,SQL,AI,C++,Design"
U00030,Edward Green,Female,26,Marketing,2.9,Alexandermouth,Inc,"Data Analysis,C++"
U00031,Matthew Douglas,Male,22,Physics,2.41,Katrinaland,LLC,"Machine Learning,AI,SQL"
U00032,Allen Nichols,Female,23,Biology,3.25,East Robert,PLC,"Python,Design"
U00033,Edward Austin,Female,25,Marketing,2.22,Johnsonchester,PLC,"C++,SQL"
U00034,Edward Daniel,Female,20,Marketing,3.46,West Matthew,PLC,"Cloud Computing,Java,Data Analysis"
U00035,Ray Fritz,Male,28,Business,3.34,Lake Keithberg,PLC,"SQL,Cloud Computing"
U00036,Adam Morgan,Female,23,Psychology,3.17,Thomasside,LLC,"C++,Marketing"
U00037,Scott King,Male,28,Psychology,3.72,Lake Cathyside,Ltd,"Cloud Computing,Java,Management"
U00038,Randy Hunt,Male,22,Marketing,2.04,Port Mike,Inc,"Communication,Python,Data Analysis,C++,Design"
U00039,Bryan Myers,Female,28,Business,3.01,Port Angelabury,Group,"SQL,Python,Data Analysis,Design"
U00040,Michael Clark,Male,30,Computer Science,2.21,Estradabury,Inc,"Marketing,Communication,Cloud Computing"
U00041,Samuel Garcia,Female,20,Engineering,2.96,Smithfort,Inc,"Data Analysis,Machine Learning,SQL"
U00042,Dr. Joseph Estrada,Male,21,Economics,2.41,Roberttown,Inc,"Management,AI,Machine Learning,Data Analysis,C++"
U00043,Angela Cummings,Male,29,Marketing,2.63,Port Bailey,PLC,"Communication,AI,Java"
U00044,Daniel Harper,Female,30,Business,3.83,Cuevasville,Ltd,"C++,Python,AI,Design"
U00045,Rebecca Lee,Female,21,Marketing,2.52,Daletown,and Sons,"AI,Machine Learning"
U00046,Mrs. Sherry Carpenter,Female,26,Economics,3.4,Colleenberg,PLC,"Management,Python"
U00047,Sean Welch,Female,24,Engineering,3.55,New Tylerfort,PLC,"Communication,AI"
U00048,Nicholas Hall,Male,23,Psychology,2.81,Ashleyside,and Sons,"Design,AI,Python"
U00049,Kevin Daniel,Female,26,Marketing,2.32,Christopherbury,Ltd,"Data Analysis,SQL,Design,Java,Cloud Computing"
U00050,Shannon Davis,Male,28,Economics,2.7,Jonesfurt,Group,"Java,Python,Management,Communication"
U00051,Jason Doyle,Female,28,Economics,2.04,Port Margaret,and Sons,"Java,Cloud Computing"
U00052,Melissa Hill,Male,24,Engineering,3.41,West Sarah,Inc,"Marketing,Data Analysis,Design,Python,Machine Learning"
U00053,Adriana Barber,Male,23,Economics,3.28,Jenniferhaven,LLC,"Management,Design,Machine Learning,C++,Python"
U00054,Bradley Robinson,Female,28,Biology,2.71,North Victor,Group,"Cloud Computing,Management,SQL"
U00055,Eric Barber,Male,20,Computer Science,2.71,New Gwendolynton,Inc,"Design,Cloud Computing,C++,Marketing"
U00056,Stacy Bray,Female,30,Business,2.18,East Christopher,Ltd,"Data Analysis,SQL,C++,AI,Communication"
U00057,Jessica Adkins,Male,27,Marketing,2.85,Lake Pennyberg,PLC,"Python,Data Analysis,Cloud Computing"
U00058,Lisa Holmes,Male,26,Marketing,2.72,Derekfort,PLC,"AI,Management,Cloud Computing,Machine Learning"
U00059,Sheri Crawford,Male,25,Computer Science,2.32,Masonport,and Sons,"Marketing,Python"
U00060,Rhonda Mckee,Female,29,Biology,3.09,Michelleview,PLC,"Design,Marketing"
U00061,Annette Buckley,Female,23,Economics,3.27,Tylerfurt,PLC,"Marketing,Design,Communication"
U00062,David Chandler,Female,26,Business,3.88,Colemanmouth,PLC,"C++,Cloud Computing,Design,AI,Communication"
U00063,Tina Medina,Male,26,Economics,3.32,Joshuaport,Group,"AI,Machine Learning,Java,Management"
U00064,Dawn Thomas,Male,27,Economics,2.64,Mannville,and Sons,"SQL,Marketing"
U00065,Katherine Meadows,Male,23,Physics,2.88,Port Michaelmouth,Ltd,"Communication,Data Analysis,Marketing"
U00066,Benjamin Ortiz,Male,24,Economics,3.39,Olsonland,and Sons,"Marketing,Python,AI,Design"
U00067,Jamie Murphy,Female,26,Psychology,2.75,Port Natalie,Inc,"Communication,Marketing,Management"
U00068,Elizabeth Hoover,Female,30,Psychology,3.92,Lake Stephaniechester,Group,"Cloud Computing,Communication,Java"
U00069,Mark Cook,Female,30,Business,2.8,Adamport,Group,"Cloud Computing,Design,Communication"
U00070,Rebecca Casey,Male,20,Marketing,2.94,Williamton,Group,"SQL,Python,Marketing,Cloud Computing"
U00071,Carol Carlson,Female,26,Computer Science,2.33,Marissaton,Inc,"Cloud Computing,AI,Marketing,SQL"
U00072,Shelby White,Female,28,Computer Science,3.08,East Matthewburgh,LLC,"Python,Communication,Java,Data Analysis,Design"
U00073,Tyler Brown,Male,30,Psychology,2.7,Lauraview,and Sons,"Communication,AI,Python,Design,Java"
U00074,Devon Hess,Female,21,Economics,3.64,Lake Tanyaside,Inc,"Java,Cloud Computing,Design,Marketing,SQL"
U00075,Troy Stevens,Female,23,Economics,2.29,Armstrongbury,Inc,"Machine Learning,Cloud Computing"
U00076,Michael Farmer,Male,24,Physics,2.27,Mahoneybury,and Sons,"Design,Communication,AI,SQL"
U00077,Kimberly Yates,Male,30,Psychology,3.69,North Monica,Ltd,"Management,AI,Cloud Computing"
U00078,Joel Barber,Female,27,Biology,2.85,Lake Amy,Group,"SQL,Management,Cloud Computing,Communication,AI"
U00079,Linda Parker,Male,22,Biology,2.7,East Mary,and Sons,"Communication,Machine Learning"
U00080,Robert Hernandez,Female,20,Engineering,3.2,Monroeville,Inc,"Data Analysis,Communication,Cloud Computing,C++,Marketing"
U00081,Jackie Sanders,Male,25,Computer Science,3.29,New Derekbury,Ltd,"Marketing,Machine Learning,AI,Java"
U00082,Ryan Cordova,Female,26,Physics,2.54,Millerborough,PLC,"Machine Learning,Cloud Computing,Design,SQL"
U00083,Daniel Lewis,Female,23,Business,3.95,South Jennifershire,PLC,"Python,Data Analysis,Communication"
U00084,Jenny Arnold MD,Female,26,Biology,3.92,Schroederville,LLC,"Design,SQL,Java"
U00085,Kimberly Martinez,Female,22,Physics,3.39,Flemingland,PLC,"Design,Java,Data Analysis"
U00086,Christopher Williams,Male,21,Engineering,3.92,Luisview,Inc,"Marketing,C++"
U00087,Deborah Smith,Male,20,Physics,3.23,South Jameston,Ltd,"Python,Communication,SQL"
U00088,Thomas Peck,Male,20,Engineering,2.68,Davidport,PLC,"Design,Data Analysis"
U00089,Timothy Flores,Female,28,Economics,3.89,East Joshua,Group,"Machine Learning,C++,Management"
U00090,Andrea Owens,Female,23,Physics,3.2,Johnstonview,PLC,"AI,Communication,Marketing,Cloud Computing,C++"
U00091,Christopher Saunders,Female,22,Psychology,3.85,Port Manuelberg,PLC,"Java,Management,Cloud Computing"
U00092,Shannon Vazquez,Female,21,Psychology,2.4,North Tracey,PLC,"Python,C++,Data Analysis,Machine Learning,Design"
U00093,Ana Castaneda,Female,21,Computer Science,2.34,South William,and Sons,"Java,Python,Marketing,AI"
U00094,Kathleen Franco,Male,27,Computer Science,3.26,New Justintown,Inc,"Java,AI,Marketing,C++,Communication"
U00095,Marcus Campbell,Male,26,Computer Science,3.86,Lake Samuelberg,LLC,"Management,Machine Learning,Data Analysis,Python"
U00096,Kimberly Howard,Female,22,Engineering,2.12,East Sara,Ltd,"AI,Design,Marketing"
U00097,Ricky Harris,Male,26,Marketing,3.71,West Linda,Ltd,"Design,Management,Data Analysis,Cloud Computing"
U00098,Danielle Duncan,Female,23,Engineering,3.37,North Emilyland,LLC,"Cloud Computing,SQL"
U00099,Carol Newman,Female,23,Engineering,2.84,Mitchellchester,PLC,"Machine Learning,Java,C++,Management"
U00100,Erik Ingram,Male,29,Biology,3.57,New Jeffreyfort,LLC,"Data Analysis,Design"
U00101,Peter Cook,Female,21,Biology,3.35,East Danielberg,PLC,"Design,Cloud Computing,AI"
U00102,Brian Jones,Female,21,Physics,2.45,Lake Jeremy,PLC,"Management,C++,Design"
U00103,David Brock,Male,26,Economics,3.47,Port Antonio,Group,"Machine Learning,Management,Python,Marketing"
U00104,Mary Roman,Female,21,Engineering,2.05,Travismouth,LLC,"SQL,Cloud Computing,Design,Java"
U00105,Katherine Mayer,Male,24,Economics,3.6,Aguirrebury,LLC,"Design,Data Analysis,Marketing,AI,Communication"
U00106,Kendra Young,Female,28,Physics,2.62,Port Ray,Ltd,"SQL,AI,Java,Marketing"
U00107,Ryan Solomon,Male,21,Physics,3.61,East Karen,Ltd,"Cloud Computing,C++"
U00108,Amanda Keller,Female,29,Business,3.91,Catherineview,LLC,"Design,Machine Learning,Communication"
U00109,Molly Savage,Male,22,Business,3.93,Port Christopher,Group,"Machine Learning,Python"
U00110,Peter Parks,Male,27,Engineering,2.94,Colemanborough,PLC,"Communication,SQL,Management,C++,Java"
U00111,Matthew Gutierrez,Female,26,Psychology,2.84,New Briannastad,Inc,"Management,Machine Learning,Data Analysis"
U00112,John Parker,Male,21,Business,2.92,Kingstad,Inc,"Data Analysis,Cloud Computing"
U00113,Lisa Watkins,Female,24,Business,3.22,Port Clintontown,Inc,"Management,Machine Learning,SQL"
U00114,Paige Rogers,Female,24,Economics,2.69,South Bruce,LLC,"AI,Machine Learning,C++,SQL"
U00115,Robert Smith,Female,20,Engineering,2.66,Port Stacyview,Ltd,"Java,Design,Data Analysis"
U00116,Zachary Jordan,Male,21,Computer Science,3.83,East Lisafort,and Sons,"Marketing,Data Analysis,Python,Java"
U00117,Christy Murphy,Male,30,Business,3.51,Markmouth,PLC,"AI,Python,Marketing"
U00118,Jose Ferguson,Female,26,Engineering,2.74,Abigailfurt,Group,"SQL,Design,Cloud Computing,AI,Communication"
U00119,Jasmine Wood,Male,21,Physics,3.41,Rebeccahaven,PLC,"Machine Learning,SQL,Design,AI,Python"
U00120,Robert Adams,Female,27,Biology,3.36,West Abigailton,Inc,"Management,Marketing,Cloud Computing"
U00121,Jerry Morris,Female,24,Psychology,3.05,East Michaelstad,Ltd,"Python,Design"
U00122,Kevin Caldwell MD,Male,25,Biology,3.74,East John,Ltd,"C++,SQL"
U00123,Grant Henderson,Female,22,Business,3.73,New Heather,and Sons,"C++,Communication,Management,Cloud Computing,Design"
U00124,Nina Moore,Male,24,Biology,2.9,Thomashaven,and Sons,"AI,Java,Cloud Computing,Machine Learning"
U00125,John Patrick,Female,23,Psychology,3.9,Lake Sherry,and Sons,"Design,Marketing,Data Analysis"
U00126,Amber Gregory,Male,23,Physics,2.41,North Lawrence,Group,"Marketing,Machine Learning,Design"
U00127,Laurie Taylor,Female,25,Business,2.63,South Coreyland,and Sons,"Marketing,Java,Cloud Computing"
U00128,Kara Donaldson,Female,20,Physics,2.84,Lake Tyler,PLC,"AI,Java,Machine Learning,Python,Communication"
U00129,Diane Tate,Male,28,Engineering,3.76,East Jennifer,PLC,"Python,Marketing,Cloud Computing"
U00130,Charles Simmons,Female,23,Economics,3.51,Hughesstad,and Sons,"Java,Management,Marketing,Machine Learning"
U00131,Shannon Morris,Female,26,Marketing,2.22,Stephenberg,Inc,"Design,Management,Marketing,Python"
U00132,Gregory Jackson,Female,26,Engineering,3.66,Savannahstad,PLC,"C++,SQL,AI"
U00133,Matthew Gonzales,Male,26,Physics,2.87,Port Stephanie,LLC,"Communication,Cloud Computing,Machine Learning,Marketing,Management"
U00134,Matthew Whitaker,Female,27,Computer Science,2.48,South Monicaborough,LLC,"C++,Python"
U00135,Latoya Mcfarland,Male,21,Economics,3.84,South Mariostad,Inc,"C++,Management,Java,Machine Learning"
U00136,Brenda Jordan,Male,28,Physics,2.44,Cochranmouth,Inc,"Data Analysis,Design,Machine Learning,Management"
U00137,Darlene Kim,Male,25,Psychology,2.09,East Stephanieland,PLC,"Java,AI,Python,SQL"
U00138,Isabella Tapia,Female,24,Marketing,3.37,North Richardmouth,Ltd,"AI,Management,SQL"
U00139,Blake Castro,Male,27,Economics,2.56,Johnsonport,Group,"Design,Java,Management"
U00140,Johnny Nichols,Male,21,Business,3.29,Mistyshire,PLC,"SQL,Management,Machine Learning,Data Analysis,Design"
U00141,Adam Jenkins,Male,30,Engineering,2.55,North Elizabeth,Inc,"AI,Design,Python,Machine Learning"
U00142,Robert Flynn,Male,20,Biology,2.46,New Curtisport,and Sons,"Design,Data Analysis,Machine Learning,Java"
U00143,Eric Vasquez,Male,24,Marketing,3.54,Jamesfort,and Sons,"Communication,Machine Learning"
U00144,Barbara Clarke,Male,23,Business,3.04,North Wendy,and Sons,"Design,Cloud Computing"
U00145,Megan Bailey,Female,30,Psychology,3.51,Lake Maryborough,Ltd,"Data Analysis,Machine Learning,Communication"
U00146,Elizabeth Fox,Male,20,Engineering,2.92,East William,Group,"Management,SQL,Python"
U00147,Derek Carter,Male,28,Business,3.83,East Destinybury,Inc,"Machine Learning,C++,Marketing,Data Analysis,Communication"
U00148,Julie Wise,Female,29,Engineering,2.1,New Thomasshire,LLC,"C++,AI"
U00149,Casey Lawrence,Male,23,Psychology,2.78,Jaredstad,LLC,"Design,Data Analysis,C++,Communication,Marketing"
U00150,Susan Cook,Female,23,Physics,3.18,Elizabethtown,PLC,"Communication,AI,Data Analysis"
U00151,Courtney Ward,Female,27,Marketing,3.72,Smithborough,Ltd,"Communication,Marketing,Data Analysis"
U00152,Molly Cook,Female,22,Computer Science,3.72,Josephstad,Group,"Cloud Computing,Machine Learning,Communication,C++,Data Analysis"
U00153,Douglas Cabrera,Male,24,Business,3.91,Elliottport,Inc,"Communication,Data Analysis,Cloud Computing,SQL,Management"
U00154,Christian Scott,Male,23,Business,2.27,Port Courtney,Inc,"Python,Java"
U00155,Vickie Torres,Male,24,Physics,2.55,New Nathanielmouth,Ltd,"Communication,Python,Marketing,Management,Data Analysis"
U00156,Philip Dalton,Female,26,Physics,3.33,Banksshire,Inc,"Machine Learning,Data Analysis,AI"
U00157,Megan Perez,Female,21,Engineering,2.76,Deborahfort,PLC,"Data Analysis,Cloud Computing,Communication,Java"
U00158,Sandra Lewis,Male,27,Economics,2.76,Danielstad,Group,"Management,Python,AI"
U00159,Kristen Long,Male,21,Economics,2.2,Murrayton,LLC,"Python,SQL,Communication"
U00160,Carla Briggs,Male,30,Biology,3.69,South Antoniotown,Group,"Python,Machine Learning,Management,Java"
U00161,Gary Black,Male,21,Marketing,3.33,South Nancy,PLC,"Cloud Computing,Marketing,AI,Communication"
U00162,Mary Fox,Female,23,Psychology,3.35,Melissaport,Inc,"Design,Data Analysis"
U00163,Michael Perry,Male,30,Psychology,3.11,Port Robertport,and Sons,"SQL,Communication,Marketing"
U00164,Jeffrey Hoffman,Female,28,Engineering,3.51,Johnsonhaven,and Sons,"Cloud Computing,C++"
U00165,Kevin Smith,Male,26,Marketing,3.19,Smithport,Group,"Management,SQL,Cloud Computing,Machine Learning,Communication"
U00166,Regina Atkins,Female,20,Economics,3.78,Nathanville,Group,"Cloud Computing,Java,Machine Learning,SQL,Management"
U00167,Jessica Delacruz,Female,29,Biology,2.55,Warestad,and Sons,"Design,Machine Learning,Marketing,SQL,AI"
U00168,Justin Garrison,Female,22,Psychology,3.64,Lake Tamara,and Sons,"Management,Python,Marketing,C++,Design"
U00169,Felicia Gonzalez,Female,30,Marketing,2.68,South Nicole,PLC,"Management,Java"
U00170,Benjamin Miller,Male,28,Economics,2.41,West Tonyton,LLC,"Management,Marketing,Machine Learning,Data Analysis"
U00171,Bryan Hancock,Female,21,Computer Science,2.38,Connieville,Group,"Data Analysis,SQL,Marketing,Design"
U00172,Xavier Hanson,Male,23,Business,3.42,Lake Nathan,LLC,"SQL,Cloud Computing"
U00173,Brandon Nelson,Male,25,Biology,2.73,Port Elizabeth,PLC,"Machine Learning,C++,SQL,Cloud Computing,AI"
U00174,Shelley Scott,Female,23,Biology,3.13,West Ashley,Ltd,"Data Analysis,Java"
U00175,Vincent Sanders,Male,26,Business,3.95,Port Dale,Group,"AI,Management,Data Analysis,SQL"
U00176,Melinda Frazier,Female,20,Biology,3.2,Jenniferborough,and Sons,"SQL,Marketing,AI,Cloud Computing,Java"
U00177,Jerry Hancock,Male,30,Biology,4.0,Timothyport,Group,"Python,Data Analysis,C++"
U00178,Seth Gonzalez,Female,29,Economics,2.29,Port Williammouth,Inc,"Cloud Computing,Communication,Java,AI,Design"
U00179,Rachel Mcbride,Male,29,Marketing,2.32,New Nicoletown,LLC,"SQL,Management,Python,Marketing,Communication"
U00180,Brittany Ward,Male,20,Business,2.68,Port Felicia,Ltd,"AI,Data Analysis,Communication,Design"
U00181,Isabella Smith,Male,25,Computer Science,2.71,Burnston,Group,"C++,Design,Machine Learning,AI"
U00182,Calvin Bennett,Male,25,Computer Science,2.51,Haneyton,Group,"Data Analysis,Marketing,Design,Management,Python"
U00183,Larry Sanchez,Male,22,Engineering,2.27,North Jacqueline,Group,"Marketing,C++,Machine Learning,AI"
U00184,Christopher Garner,Female,25,Business,3.65,New Lauraview,and Sons,"Machine Learning,Design,Java,Marketing"
U00185,Douglas Henderson,Male,28,Engineering,2.64,New Nicoleshire,and Sons,"Data Analysis,Python,Design,C++"
U00186,Jessica Thompson,Female,23,Engineering,2.57,Reeveston,and Sons,"Management,Machine Learning,Java,Cloud Computing,Data Analysis"
U00187,April Moore,Female,21,Economics,3.68,West Nancyfort,Group,"Communication,Management,Data Analysis,Cloud Computing,Marketing"
U00188,Katherine Harrington,Female,27,Computer Science,2.37,Porterport,and Sons,"AI,Machine Learning,Cloud Computing"
U00189,Karen Bailey,Male,24,Marketing,2.64,Russellborough,LLC,"Management,Python"
U00190,Dr. Brian Reed,Female,27,Business,2.97,Brandonchester,Ltd,"Communication,Python,AI"
U00191,Diane Wallace,Female,29,Business,2.74,North Kathleenberg,Inc,"Management,Marketing,Data Analysis,C++,Design"
U00192,Shane Maxwell,Male,27,Psychology,2.59,Shaneview,Group,"Marketing,Data Analysis,Python,C++"
U00193,Bradley Jacobs,Female,21,Physics,2.85,Jerrystad,LLC,"Machine Learning,Data Analysis,Management,SQL,AI"
U00194,Kevin Roberts,Male,28,Marketing,2.96,Lake Breannabury,PLC,"Java,Marketing,Design"
U00195,Patricia Brown,Male,29,Economics,2.29,Susanmouth,Group,"Communication,Machine Learning,Cloud Computing,Marketing"
U00196,Kyle Scott,Female,30,Physics,3.24,Fischershire,Inc,"Data Analysis,C++"
U00197,Molly Stevenson,Male,27,Engineering,3.05,Carlymouth,PLC,"SQL,Java,Machine Learning,Marketing"
U00198,April Johnson,Female,29,Psychology,2.4,Craigview,LLC,"Data Analysis,Python,Cloud Computing,Java"
U00199,Dennis Bowman,Male,22,Marketing,2.04,Lake Denisechester,Inc,"AI,C++"
U00200,Carlos Oneill,Female,25,Engineering,2.31,South Stephenchester,PLC,"C++,Marketing"
U00201,Connie Ramos,Male,29,Marketing,2.27,South Melissa,PLC,"Communication,Design"
U00202,Brian Randall,Male,27,Psychology,2.5,South Matthew,Ltd,"Communication,Cloud Computing,Java"
U00203,Scott Stuart,Male,30,Physics,2.36,Tatestad,PLC,"Python,Machine Learning,Design,Marketing"
U00204,Beth Guerrero,Female,27,Business,3.98,Frederickmouth,and Sons,"Cloud Computing,Communication,Design"
U00205,Matthew Anderson,Female,30,Computer Science,3.23,West Keithbury,and Sons,"Machine Learning,Management,C++,AI"
U00206,Ryan Greer,Male,20,Psychology,2.41,Melissaberg,Inc,"Machine Learning,Java,Communication,Management"
U00207,Dr. George Miller,Female,25,Computer Science,2.82,North Mary,and Sons,"SQL,Communication,Marketing,Design"
U00208,Terry Huffman,Male,26,Economics,3.04,New Pamelafurt,Group,"Management,Cloud Computing,Design,Marketing,Java"
U00209,Ryan Dunn,Female,20,Economics,2.79,Port Daniel,LLC,"Communication,Data Analysis"
U00210,Joseph Gonzalez,Male,28,Biology,3.47,New James,LLC,"Management,Machine Learning,Design,Communication"
U00211,Lance Howe,Female,30,Biology,2.98,West Michelle,Inc,"C++,Java"
U00212,Joshua Williams,Female,26,Business,2.1,Villegasshire,Ltd,"Management,Cloud Computing,Machine Learning"
U00213,Sarah Webb,Female,25,Marketing,3.02,Riveraview,LLC,"C++,Communication,Management,Cloud Computing"
U00214,Kimberly Flores,Female,24,Biology,3.04,Maryville,Group,"SQL,Java,C++,Data Analysis,Management"
U00215,Paula Juarez,Female,25,Physics,2.36,East Tylerland,LLC,"SQL,Design,Python,Cloud Computing,AI"
U00216,Barbara Sparks,Male,26,Psychology,3.31,East Jeffrey,Ltd,"Java,C++"
U00217,Daniel Williams,Male,26,Psychology,3.5,Davisborough,PLC,"AI,Communication"
U00218,Brittany Scott,Male,21,Computer Science,3.8,Lake Chris,and Sons,"Python,C++,Data Analysis,Communication"
U00219,Karina David,Male,23,Computer Science,2.65,Amyburgh,PLC,"Python,C++,Communication"
U00220,Carlos Martin,Male,30,Marketing,2.41,Masonview,PLC,"Python,Data Analysis,Cloud Computing"
U00221,Christy Davidson,Female,28,Marketing,2.78,North Brookeville,LLC,"Communication,C++,Design,Python"
U00222,Phillip Finley,Male,22,Biology,2.36,Chenmouth,Ltd,"Java,C++"
U00223,Michael White,Male,22,Psychology,2.59,West Anthony,and Sons,"Python,C++"
U00224,Christopher Robinson,Male,28,Computer Science,3.89,Cookmouth,and Sons,"Java,Machine Learning,SQL,C++,Management"
U00225,Michael Bowen Jr.,Female,30,Economics,3.86,East Nathanstad,Ltd,"SQL,Communication,Python"
U00226,Corey Jackson,Male,21,Business,2.2,West Antonio,Ltd,"Java,Marketing,Machine Learning"
U00227,Mary Owen,Female,26,Biology,2.48,Port Jennifer,Inc,"Communication,Data Analysis,Java,Marketing"
U00228,Kathy Ramos,Male,26,Engineering,3.99,Lauratown,and Sons,"Management,AI,Cloud Computing,C++"
U00229,Matthew Olson,Female,21,Marketing,3.98,South Katie,Group,"Python,Marketing,Cloud Computing,Design,C++"
U00230,Russell Simmons,Female,22,Business,2.7,West Sherylhaven,PLC,"Java,Python,Design,C++,Cloud Computing"
U00231,Austin Osborne,Female,30,Business,2.01,Powellfort,Inc,"Java,Design,Cloud Computing"
U00232,Hector Lindsey,Female,20,Marketing,2.2,Butlerview,PLC,"Machine Learning,Marketing"
U00233,Kelly Sanders,Male,30,Biology,3.06,New Zachary,Ltd,"Marketing,Data Analysis,SQL,Design"
U00234,Christopher Black,Male,30,Engineering,2.58,Carrhaven,and Sons,"SQL,Python"
U00235,Dustin Johnson,Male,24,Marketing,2.68,Sheltonfurt,Group,"Data Analysis,Marketing,Management"
U00236,Dakota Palmer,Male,24,Business,2.16,Reynoldsbury,Ltd,"C++,Management"
U00237,Keith Smith,Male,22,Business,3.03,Charleschester,PLC,"Design,AI,Data Analysis,Machine Learning"
U00238,Jacob Morris,Female,25,Engineering,3.68,West Sheila,LLC,"Design,Data Analysis,Communication"
U00239,Joyce Sanchez,Male,23,Engineering,2.49,South Jacqueline,Inc,"C++,SQL,Design,Machine Learning"
U00240,Dana Galvan,Female,24,Computer Science,3.23,South Leahfort,and Sons,"C++,Machine Learning"
U00241,Amber Paul,Female,26,Marketing,2.94,South William,LLC,"Cloud Computing,Java"
U00242,Lorraine Martin,Male,26,Marketing,2.06,North Anthony,Ltd,"Design,C++,Cloud Computing,Communication"
U00243,Warren Phillips,Female,29,Biology,3.82,Port Lisa,Inc,"AI,Marketing,Python"
U00244,Stephen Harris,Female,22,Physics,3.54,Port Brandon,Group,"SQL,C++,AI"
U00245,Austin Davis,Male,25,Psychology,3.27,Loritown,LLC,"Management,Python"
U00246,Tracey Thompson,Male,28,Physics,2.69,Emilyburgh,Inc,"Data Analysis,Python"
U00247,Stephanie Rogers,Male,24,Business,2.09,Port Sherrymouth,and Sons,"Machine Learning,Design,Marketing"
U00248,Becky Spencer,Female,25,Marketing,3.53,West Brad,Ltd,"SQL,Design,Machine Learning,Cloud Computing,Marketing"
U00249,Jonathan Serrano,Male,27,Engineering,3.63,Port Travisland,Ltd,"Cloud Computing,Java,C++"
U00250,Jack Holden,Female,29,Engineering,3.44,Fowlerchester,Ltd,"Management,Python"
U00251,Danielle Glover,Female,23,Engineering,2.9,Colemanburgh,and Sons,"Java,Cloud Computing"
U00252,Kevin Welch,Male,26,Economics,3.5,West Brenda,Group,"SQL,Communication,C++,Machine Learning"
U00253,Tamara Hudson,Female,27,Business,2.73,West Joseph,LLC,"Management,Python,Java,C++"
U00254,Tiffany Brown,Male,23,Engineering,2.53,Gonzalezborough,Inc,"Communication,Java"
U00255,Kristen Roach,Female,22,Marketing,2.41,South Janiceview,Ltd,"AI,Communication"
U00256,Amy Castro,Female,27,Computer Science,3.33,Kylemouth,PLC,"Machine Learning,Java,Cloud Computing"
U00257,Kathleen Gray,Female,21,Computer Science,3.27,Mendezport,and Sons,"Machine Learning,SQL,C++"
U00258,Brian Zimmerman,Male,22,Physics,2.69,Anthonytown,LLC,"Python,Machine Learning,SQL,C++,Cloud Computing"
U00259,Kim Randall,Female,24,Biology,3.3,Lake Carolynfurt,and Sons,"SQL,C++,Python,Communication"
U00260,Laura Hayes,Male,21,Business,2.59,Lake Luke,Ltd,"Design,Cloud Computing,C++"
U00261,Mary Ferguson,Male,28,Marketing,2.46,New Kayleeton,LLC,"Management,Design,Python"
U00262,Pamela Marsh,Female,30,Business,3.69,Gomezbury,Inc,"SQL,C++,Java"
U00263,Amber Duncan,Male,27,Computer Science,2.75,Coopermouth,Group,"AI,C++,Cloud Computing,Data Analysis,Python"
U00264,Jeffery Taylor,Male,26,Economics,3.86,Lake Kathrynland,Ltd,"Java,Marketing,Management,SQL"
U00265,Lisa Scott,Male,28,Economics,2.34,Barryville,and Sons,"Data Analysis,C++,SQL"
U00266,Allison Martinez,Male,20,Computer Science,2.25,South Markton,and Sons,"Cloud Computing,C++,Python,Marketing,Java"
U00267,Russell Ortega,Male,27,Marketing,3.16,Jonathantown,Ltd,"AI,Marketing"
U00268,Zachary Stevenson,Female,21,Economics,2.32,Raymouth,Group,"C++,Marketing"
U00269,Marissa Orr,Male,23,Physics,3.83,Port Jamesview,LLC,"Communication,Machine Learning,C++,Data Analysis"
U00270,Alicia Berry,Female,24,Psychology,2.77,Brandonview,Ltd,"Management,Machine Learning,Cloud Computing"
U00271,Mario Butler,Male,22,Psychology,2.12,Lake Sandy,LLC,"C++,Communication,Cloud Computing,Management,Python"
U00272,Sarah Lopez,Female,22,Business,2.64,Andersonfurt,LLC,"SQL,Python"
U00273,Todd Wolf,Female,27,Psychology,2.91,North Ashleyton,LLC,"Cloud Computing,Marketing,Design,Python"
U00274,James Reynolds,Female,26,Economics,3.5,Port Jessica,and Sons,"Design,Communication,Management,Data Analysis,C++"
U00275,Jaime Blackwell,Male,24,Psychology,3.01,East Samantha,LLC,"AI,Machine Learning,Data Analysis,Cloud Computing"
U00276,Christine Malone,Female,25,Business,3.95,East James,and Sons,"Machine Learning,Design,Data Analysis,Management,C++"
U00277,Matthew Coleman,Female,28,Biology,3.23,Lucasstad,Inc,"Machine Learning,SQL,AI,Design"
U00278,Jacob Roman,Female,24,Psychology,2.75,Zacharyburgh,and Sons,"C++,Java,Marketing,Management"
U00279,Brittney Johnson,Male,22,Business,2.18,Trevormouth,LLC,"Communication,SQL"
U00280,Curtis Villegas,Female,22,Computer Science,3.67,Karenhaven,and Sons,"Java,AI,Cloud Computing,Marketing"
U00281,Thomas Acevedo,Male,26,Psychology,3.41,Simmonsshire,Ltd,"C++,Management,Design"
U00282,Anthony Randolph,Male,29,Physics,3.09,East Guy,Group,"Python,AI,Cloud Computing,Communication"
U00283,Nathan Rodriguez,Male,20,Business,2.3,Jacobsland,Inc,"Java,Data Analysis"
U00284,Andrew Chambers,Female,30,Economics,3.03,Susanborough,LLC,"Python,SQL"
U00285,Justin Davila,Male,20,Computer Science,2.4,Padillahaven,LLC,"Python,Machine Learning"
U00286,Lindsay Becker,Female,27,Biology,3.78,Codymouth,LLC,"Cloud Computing,Data Analysis,Marketing"
U00287,Walter Lee,Male,24,Business,3.91,New Debra,LLC,"AI,Cloud Computing,Java"
U00288,Misty Grant,Female,26,Economics,2.87,New Danabury,LLC,"C++,Machine Learning,Communication,Cloud Computing,Python"
U00289,Alexis Williams,Female,20,Psychology,3.11,Dawnburgh,Group,"Data Analysis,Management,Design"
U00290,Casey Schwartz,Male,26,Biology,2.11,New Scott,PLC,"Marketing,Management"
U00291,William Miles,Male,28,Biology,3.91,West Michelleberg,and Sons,"C++,Communication,SQL,Python"
U00292,Cynthia Vang,Male,29,Physics,2.9,Maldonadofurt,Group,"Design,C++,Machine Learning"
U00293,Stephen Carson,Female,22,Business,3.37,East Ricardoland,and Sons,"Cloud Computing,Machine Learning,Python,Data Analysis,Marketing"
U00294,Dylan Gonzalez,Female,27,Economics,2.42,Coxton,Inc,"Design,Communication"
U00295,Aaron Russo,Female,26,Engineering,3.32,Dominiquetown,PLC,"Marketing,Cloud Computing,Data Analysis"
U00296,Jennifer Martinez,Male,30,Psychology,3.88,West Curtisshire,and Sons,"Python,Marketing,Machine Learning"
U00297,Jennifer Mendez,Female,29,Marketing,3.6,Barrymouth,LLC,"AI,C++,Marketing,Data Analysis"
U00298,Debra Strickland,Male,30,Engineering,2.46,New Joshuaside,Group,"Marketing,Machine Learning,C++"
U00299,Sara Roberts,Male,21,Economics,2.45,Fletchermouth,PLC,"Python,Management"
U00300,Lindsay Schmidt,Female,20,Computer Science,3.68,Sandersmouth,LLC,"SQL,Machine Learning,Data Analysis"
U00301,Elizabeth Allen,Female,30,Computer Science,3.96,New Danielletown,and Sons,"Java,Marketing,Data Analysis,Machine Learning,C++"
U00302,Darin Wilson,Female,26,Marketing,2.32,East Katie,PLC,"Java,Machine Learning,SQL,Communication,Cloud Computing"
U00303,Neil Powell,Female,26,Biology,2.15,Stevensbury,Group,"Management,AI,Python,Java"
U00304,Angela Wilson,Female,24,Business,3.48,Hayesburgh,Group,"Management,Python,Machine Learning,SQL,Design"
U00305,James Pugh,Female,25,Biology,3.08,New Gregoryland,PLC,"Design,C++"
U00306,Dr. Joseph Green,Male,30,Psychology,2.91,Lake Robertfort,Ltd,"SQL,Python,Communication"
U00307,Bruce Miller,Male,20,Economics,2.74,Garrisonborough,Ltd,"Data Analysis,AI,Cloud Computing,Marketing,Python"
U00308,Heather Lee,Male,28,Engineering,2.64,New Cynthiaton,LLC,"Java,Design"
U00309,Stacy Davis MD,Male,30,Business,3.09,Luisfurt,Ltd,"Communication,Machine Learning,Java,Data Analysis"
U00310,David Johnson,Male,23,Psychology,2.47,Lake Lisamouth,and Sons,"Python,Java,C++"
U00311,Robin Hart,Female,27,Economics,3.09,East Adrian,Group,"Data Analysis,AI,Python,Design,SQL"
U00312,David Jenkins,Male,29,Computer Science,2.84,Parkerborough,and Sons,"C++,Cloud Computing,Management,AI,Design"
U00313,Mark Collins,Female,28,Marketing,3.23,East Nancy,Group,"Management,Machine Learning,Python"
U00314,Ms. Annette Brown MD,Female,25,Computer Science,3.43,Blackburnchester,LLC,"Communication,C++,Data Analysis,SQL"
U00315,Elizabeth Pacheco,Male,30,Physics,2.37,Lake Nathan,Group,"Communication,Design,AI,Machine Learning"
U00316,Mitchell Howell,Female,22,Business,3.2,East Theresa,Ltd,"Marketing,Data Analysis"
U00317,Micheal Clark,Male,24,Marketing,2.09,Lake Davidport,PLC,"SQL,Machine Learning,Cloud Computing"
U00318,Monica Miller,Female,29,Marketing,3.11,South David,and Sons,"Marketing,Management,Cloud Computing,Java"
U00319,Christopher Allen,Male,23,Biology,3.76,South Ruthberg,Ltd,"Cloud Computing,Data Analysis"
U00320,Danielle Garcia,Female,21,Engineering,3.77,East Stephanieport,LLC,"C++,AI,Cloud Computing,Machine Learning,Python"
U00321,Kaitlin Preston,Male,24,Marketing,3.42,Murrayburgh,Ltd,"Data Analysis,AI,Java"
U00322,Heather Graham,Female,28,Psychology,3.38,West Ryan,Group,"C++,Cloud Computing,Communication,Design"
U00323,Amy Cunningham,Male,27,Psychology,3.53,West Ericshire,PLC,"Data Analysis,Communication,Java,Marketing,Python"
U00324,Randy Clark,Male,20,Physics,2.45,North Andrew,Inc,"Communication,SQL,Python,Data Analysis"
U00325,Joseph Knight,Male,23,Engineering,3.53,New Andrewmouth,LLC,"Management,Communication"
U00326,Laurie Sawyer,Male,23,Economics,2.94,Port Eduardo,and Sons,"C++,Marketing,Design,Python"
U00327,Roger Garcia,Female,28,Physics,2.56,Rojasburgh,Group,"Machine Learning,Data Analysis,Management,AI,Cloud Computing"
U00328,Bethany Acosta,Female,20,Computer Science,2.2,South Nicholas,PLC,"AI,Management,Machine Learning"
U00329,Cynthia English,Female,21,Biology,3.35,Johnmouth,Ltd,"Machine Learning,Cloud Computing,AI,Communication,Java"
U00330,Richard Diaz,Male,29,Economics,3.0,New Jennifer,LLC,"Marketing,Python,Communication,Management"
U00331,Dan Burch,Female,24,Engineering,2.67,South Catherinefort,Inc,"Java,Python,AI"
U00332,Kathy Palmer,Male,29,Psychology,3.47,Johnsonchester,and Sons,"Management,Marketing,Data Analysis,Cloud Computing"
U00333,Megan Hill,Female,29,Computer Science,3.88,West Valerieberg,PLC,"Cloud Computing,Management,Java"
U00334,Maria Patel,Female,25,Economics,2.98,West David,Inc,"Marketing,Design"
U00335,Kimberly Lynch,Male,24,Business,3.5,Lake Lisa,LLC,"C++,Data Analysis,Management,Java,Communication"
U00336,Ruth Johnson,Female,26,Biology,3.72,Marksborough,LLC,"Python,Design,Marketing"
U00337,Thomas Moran,Female,29,Engineering,3.59,North Stacey,Group,"Java,Design,Marketing"
U00338,Rebecca Logan,Male,24,Economics,2.1,Nicholasport,Ltd,"Communication,Java,C++,SQL"
U00339,Scott Reed,Male,27,Biology,2.75,West Marcusbury,Group,"Java,Data Analysis,Management"
U00340,Amanda Booth PhD,Female,27,Physics,2.43,New William,and Sons,"Machine Learning,Cloud Computing,Marketing,Data Analysis,Design"
U00341,Dennis Clark,Female,22,Business,2.48,East Kristimouth,and Sons,"C++,AI,Machine Learning,Data Analysis,Java"
U00342,Cynthia Henderson,Male,21,Computer Science,2.25,Jenniferborough,LLC,"Communication,AI"
U00343,Benjamin Pope,Female,27,Marketing,2.12,New Melissaton,PLC,"Machine Learning,Management,Data Analysis,Marketing,Design"
U00344,Devin Long,Female,21,Economics,2.5,Robertland,and Sons,"Data Analysis,Machine Learning,Design"
U00345,Sarah Smith,Female,28,Engineering,3.14,North Maureenmouth,Ltd,"SQL,Python,Cloud Computing,Marketing"
U00346,Danielle Shah,Male,23,Biology,2.5,Amberhaven,LLC,"C++,Machine Learning,Python,Marketing,AI"
U00347,John Hart,Female,26,Marketing,2.39,Kristinstad,Group,"Python,C++,Marketing,SQL"
U00348,Lauren Zavala,Male,30,Physics,2.72,Andersonview,Inc,"Machine Learning,SQL"
U00349,Wesley Long,Male,24,Marketing,2.64,Teresastad,and Sons,"Python,Machine Learning,SQL"
U00350,Allen Wood,Male,21,Marketing,2.02,Port Michaelborough,LLC,"Communication,Data Analysis"
U00351,Tyler Pollard,Female,21,Engineering,2.95,North Patrick,PLC,"Management,AI"
U00352,John Bailey,Male,20,Marketing,3.91,Lake Linda,Ltd,"Management,Java,SQL"
U00353,Kimberly Ortiz,Male,30,Marketing,3.25,Michaelfurt,Ltd,"C++,Management,Design,Marketing"
U00354,Dr. Tara Brown,Female,25,Marketing,2.43,Roytown,PLC,"Java,C++"
U00355,Lance Jackson,Male,20,Engineering,2.84,Reedfort,Group,"Marketing,Machine Learning,Design,Python"
U00356,Donald Chavez,Male,25,Physics,2.35,South Mariaton,and Sons,"Communication,AI"
U00357,Ashley Anderson,Female,22,Computer Science,3.23,West Roseland,Ltd,"Cloud Computing,Design,Machine Learning,C++"
U00358,Lauren Kennedy,Female,26,Biology,2.48,Lake Daniel,Ltd,"Machine Learning,Design"
U00359,Dylan Guerrero,Female,28,Biology,2.39,Jamesland,PLC,"Design,Communication,Cloud Computing,Python,Data Analysis"
U00360,Jacob Burns,Female,30,Biology,2.1,Michaelhaven,and Sons,"Data Analysis,SQL,Python"
U00361,Daniel Pratt,Female,26,Engineering,3.15,South Dawnbury,and Sons,"Management,C++"
U00362,Stefanie Drake,Female,24,Engineering,2.32,North Leroytown,PLC,"Management,Cloud Computing"
U00363,Theresa Clark,Female,26,Business,2.97,Fosterfurt,PLC,"C++,AI,Data Analysis"
U00364,Patricia Robbins,Female,21,Economics,2.92,Port Willie,Inc,"Java,AI"
U00365,Mark Butler,Female,28,Marketing,2.93,West Jeffreystad,Group,"Data Analysis,Marketing"
U00366,Garrett Mathis,Female,27,Business,3.2,New Carlmouth,LLC,"C++,Cloud Computing"
U00367,Tina Romero,Male,26,Business,3.58,North Sarahmouth,LLC,"Java,Marketing"
U00368,Jeffrey Walker,Male,21,Economics,3.24,West Teresaland,LLC,"C++,Communication,Java,Design"
U00369,Kelly Frey,Male,20,Psychology,2.61,East Regina,and Sons,"Marketing,AI,Design"
U00370,Barbara Hill,Male,20,Economics,2.54,Reynoldsstad,Inc,"Python,Data Analysis,Cloud Computing"
U00371,Robert Bryant,Female,28,Psychology,2.77,Butlerstad,and Sons,"Cloud Computing,Python,Data Analysis,Java"
U00372,Katherine Chung,Male,29,Business,2.91,West Frederick,Ltd,"AI,Marketing,Cloud Computing,Data Analysis"
U00373,Kaitlyn Greene,Female,20,Computer Science,2.37,Millerburgh,LLC,"AI,Cloud Computing,Marketing,Java,C++"
U00374,Molly Anderson,Male,27,Business,2.07,East Julie,PLC,"C++,Management,Machine Learning"
U00375,Yvette Carroll,Female,23,Physics,2.37,South Danielmouth,Inc,"Data Analysis,C++,Marketing,SQL,Design"
U00376,Jessica Stephens,Male,20,Physics,3.61,Lake Dwayne,Group,"AI,Java"
U00377,Dale Barrett,Female,26,Engineering,2.72,Lindafort,Ltd,"Java,Marketing,Communication"
U00378,Timothy Gillespie,Female,24,Biology,2.95,Crystalshire,and Sons,"C++,SQL,AI,Design,Marketing"
U00379,Alice Garcia,Male,29,Marketing,3.22,New Dana,Ltd,"Design,C++,Management,SQL"
U00380,Stacy Bauer,Male,27,Marketing,3.61,North Brett,Group,"Cloud Computing,Communication,Machine Learning"
U00381,Richard Johnson,Male,28,Computer Science,3.6,East Samantha,LLC,"Cloud Computing,Communication"
U00382,James Noble,Female,27,Economics,2.92,Hammondville,and Sons,"AI,Data Analysis,Cloud Computing,Management,Java"
U00383,Jon Rojas,Female,26,Physics,3.77,Lesliechester,LLC,"AI,Python,C++,Machine Learning,Management"
U00384,Dawn Moore,Male,24,Psychology,3.88,Port Luke,Group,"C++,Communication,AI"
U00385,Austin Schmitt,Female,23,Computer Science,2.78,Clarkshire,Inc,"Java,Python,Cloud Computing,Communication"
U00386,Jared Garcia,Female,26,Business,2.76,Chandlerburgh,Ltd,"SQL,Design"
U00387,Maria Chapman,Female,22,Engineering,2.11,Christinatown,LLC,"Java,SQL,Marketing,Design"
U00388,Steven Fernandez,Female,29,Business,2.4,North Rodneybury,and Sons,"SQL,Management"
U00389,Kimberly Young,Male,22,Engineering,2.9,Lake Brianmouth,PLC,"Management,Communication,Java,C++,Marketing"
U00390,Daniel Clark,Female,26,Engineering,3.46,Juliaville,PLC,"AI,Machine Learning"
U00391,Rhonda Anderson,Male,27,Computer Science,2.67,Butlerport,Inc,"Python,AI"
U00392,David Welch,Female,29,Psychology,2.81,East Gavin,PLC,"Marketing,Cloud Computing,Python"
U00393,James Carpenter,Female,20,Computer Science,3.67,West Patricia,LLC,"SQL,AI,Java"
U00394,Jennifer Weber,Male,22,Computer Science,3.09,North Lisamouth,Ltd,"AI,Java,Data Analysis,Python"
U00395,James Ashley,Male,24,Business,2.8,Lake Kimberly,Ltd,"Python,AI,Cloud Computing,Data Analysis"
U00396,Mary Mora,Female,21,Computer Science,2.38,Lake Kevin,LLC,"Marketing,AI,Design,Data Analysis,SQL"
U00397,Mark Phillips,Male,24,Physics,2.35,Craigville,and Sons,"Management,Cloud Computing,Data Analysis,AI"
U00398,Mackenzie Brown,Male,21,Physics,2.45,Briantown,PLC,"C++,Communication"
U00399,Jacob Carson,Female,21,Economics,2.82,East Christopherton,and Sons,"Data Analysis,Machine Learning,Python"
U00400,Linda Thomas PhD,Female,28,Engineering,2.24,Lake Stephanie,Group,"Design,Marketing,C++"
U00401,Dana Allen,Male,27,Physics,3.05,Port Michael,LLC,"Management,Data Analysis"
U00402,Teresa Lee,Female,27,Engineering,2.1,Brownville,and Sons,"Java,Machine Learning,SQL,Management"
U00403,Amy Mccormick,Male,25,Economics,4.0,West Rebeccamouth,PLC,"Communication,SQL,Cloud Computing"
U00404,Dr. Brian Kelly,Female,22,Computer Science,3.99,Timothyport,PLC,"Cloud Computing,Communication,SQL,Design"
U00405,Aaron Patel,Female,29,Physics,3.13,Collinsside,Group,"Python,Management,SQL,Machine Learning,Cloud Computing"
U00406,Holly Petty,Male,21,Computer Science,2.39,Mcleanberg,Ltd,"C++,Communication,Design,Java,AI"
U00407,Kelly Scott,Female,24,Biology,3.66,North Andrew,and Sons,"Machine Learning,AI"
U00408,Allen Brown,Female,21,Marketing,2.26,Port Matthew,Group,"Python,Machine Learning,Cloud Computing,Data Analysis,AI"
U00409,Pamela Mays,Male,26,Engineering,3.32,Ashleyville,LLC,"Management,Communication"
U00410,Adam Russell,Female,24,Economics,3.57,New Anthony,Group,"Cloud Computing,SQL"
U00411,Dennis Bates,Male,30,Biology,3.17,New Ryan,Inc,"C++,Data Analysis,Management"
U00412,Joseph Gillespie,Female,23,Engineering,3.26,Bryanport,Inc,"Marketing,Data Analysis,C++,SQL,Communication"
U00413,Jessica Hall,Male,25,Computer Science,3.41,Sheilaview,Ltd,"Design,Python,AI,Data Analysis"
U00414,Jennifer Hayes,Male,20,Economics,3.3,South Denise,PLC,"Java,Management,Machine Learning,Cloud Computing,C++"
U00415,Miranda Scott,Female,27,Physics,3.98,Hopkinsport,Group,"Python,Machine Learning,AI,Management"
U00416,Amanda Michael,Male,26,Biology,2.31,Port Evelyn,Group,"Cloud Computing,AI,Management"
U00417,Shannon Hurley,Female,23,Economics,3.46,Carterberg,Group,"Python,Communication"
U00418,Brandon Johnson,Male,21,Engineering,2.35,South Erica,Ltd,"Cloud Computing,Python,Data Analysis,Marketing"
U00419,Steven Clark,Female,27,Marketing,3.71,West Nicoleshire,Group,"Design,Machine Learning,Management"
U00420,Karina Smith,Male,22,Biology,2.71,New Christopher,and Sons,"Machine Learning,AI"
U00421,Jacob Morales,Female,23,Marketing,3.13,Howardberg,Ltd,"SQL,Java,Design,Management,C++"
U00422,Tara Martinez,Female,27,Psychology,3.4,Valenzuelaview,LLC,"Communication,AI,Cloud Computing,Marketing"
U00423,Karen Rodriguez,Male,26,Marketing,3.8,Lake Herbert,Ltd,"SQL,Machine Learning"
U00424,Matthew Villarreal,Female,27,Marketing,2.38,Meyershire,Inc,"Management,Java"
U00425,Sarah Davenport,Female,23,Economics,2.1,Michaelhaven,PLC,"SQL,Marketing"
U00426,Jennifer Jimenez,Male,21,Computer Science,3.35,Carrolltown,and Sons,"Cloud Computing,Marketing,AI,Machine Learning,Management"
U00427,Eugene Rose,Female,24,Physics,3.12,Whitemouth,and Sons,"Cloud Computing,Java"
U00428,Adam Smith,Female,28,Psychology,2.36,North Aprilberg,PLC,"Data Analysis,Design"
U00429,Anthony Ponce MD,Male,28,Computer Science,3.18,East Christopherside,Group,"Communication,Data Analysis,Design,AI,Management"
U00430,Gabriel Whitaker,Male,26,Business,2.02,Munozmouth,Group,"Java,Cloud Computing,Management"
U00431,Michael Schneider,Male,29,Physics,3.49,Gilmoreland,and Sons,"Marketing,Python,Java,Machine Learning,SQL"
U00432,Rachael Salazar,Male,24,Psychology,2.62,Barronfort,Group,"Communication,Marketing,Data Analysis,C++,Machine Learning"
U00433,Joseph Johnson,Female,25,Physics,3.86,North Robertland,Inc,"AI,C++,Management,Data Analysis"
U00434,Austin Munoz,Female,23,Computer Science,2.85,Katherineburgh,Group,"Machine Learning,Java,Management,Cloud Computing,AI"
U00435,Michelle Levy,Male,24,Biology,2.65,New Vincent,and Sons,"Design,Management,SQL,AI"
U00436,Manuel Bonilla,Female,22,Psychology,2.94,Michelleside,Inc,"Python,Management,Data Analysis,Java"
U00437,Karen Keith,Female,21,Psychology,3.96,East Michelle,Group,"AI,Java,Cloud Computing"
U00438,Ashley Henderson,Male,20,Psychology,3.49,Doughertybury,Ltd,"Data Analysis,Python,Design,Machine Learning,C++"
U00439,Patricia Garcia,Female,20,Engineering,2.63,Martinshire,Inc,"Design,Machine Learning,C++"
U00440,Heather Ray,Female,22,Physics,2.48,Lloydmouth,Ltd,"Python,Communication,Marketing"
U00441,Scott Smith,Male,21,Computer Science,2.87,New Neilburgh,Inc,"Java,Data Analysis"
U00442,Eric Diaz,Male,24,Business,2.3,Stephenshire,LLC,"C++,AI,Communication"
U00443,Beth Hughes,Female,22,Computer Science,3.04,South Timothyborough,and Sons,"Data Analysis,Java,SQL,AI"
U00444,Jennifer Hinton,Female,21,Marketing,3.48,Alecport,Group,"Python,Communication,Marketing,C++,Java"
U00445,Michael Simmons,Female,29,Physics,2.41,Claytonburgh,Inc,"C++,Management,Marketing,Machine Learning,Communication"
U00446,Abigail Zimmerman,Female,26,Marketing,3.01,Dyermouth,Inc,"Data Analysis,C++"
U00447,Matthew Torres Jr.,Female,30,Marketing,3.86,Lake Jocelyn,PLC,"Design,AI,Marketing,C++"
U00448,Ashley Durham,Male,29,Computer Science,3.54,Littlestad,and Sons,"Cloud Computing,Python,Java,Design,Marketing"
U00449,Timothy Mclean,Male,23,Marketing,2.46,South Codyberg,and Sons,"Management,Communication,SQL"
U00450,Amber Fox,Female,30,Business,3.57,Anitaton,and Sons,"AI,C++,Machine Learning,Cloud Computing,Marketing"
U00451,Cory Morales,Male,21,Physics,3.61,Lake Georgehaven,Ltd,"Python,SQL,Cloud Computing"
U00452,Kenneth Grant,Female,27,Physics,3.81,West John,PLC,"Marketing,AI,Python,Data Analysis"
U00453,Tracy Wall,Male,20,Biology,3.57,New Aaron,Inc,"C++,AI,Cloud Computing"
U00454,Steven Mccarthy,Female,20,Biology,3.83,South Stacystad,and Sons,"C++,Communication,Data Analysis,Python"
U00455,Ronald Huff,Female,24,Economics,2.46,North Justinfurt,LLC,"AI,Management,Python,Java"
U00456,Mr. Richard Davis,Male,20,Computer Science,3.87,Brownshire,Ltd,"Communication,C++"
U00457,Christina Collins,Male,26,Physics,3.52,East Nicholestad,PLC,"Management,Communication,Marketing,Cloud Computing,Python"
U00458,Linda Garner,Female,25,Marketing,3.62,Bradleychester,Group,"C++,Cloud Computing,AI"
U00459,Andrea Becker,Female,21,Business,2.32,West Brian,Inc,"AI,Machine Learning,C++"
U00460,Tyler Hernandez,Female,26,Biology,3.16,Davidburgh,Group,"Python,Marketing"
U00461,Colin Horton,Male,27,Marketing,3.97,Matthewmouth,PLC,"Marketing,Java,SQL,Machine Learning"
U00462,Megan Watkins,Female,29,Psychology,3.55,South Brittanybury,Ltd,"Data Analysis,Communication,Python,Marketing,C++"
U00463,Stephen Cherry,Male,20,Engineering,3.82,South Chad,and Sons,"Data Analysis,Python"
U00464,Jason Washington,Male,20,Business,2.55,East Michael,Group,"Machine Learning,Communication,Cloud Computing"
U00465,Casey Daniels,Male,30,Computer Science,2.22,Malikfort,PLC,"Cloud Computing,Marketing,Communication,Machine Learning,Management"
U00466,Darrell Mills,Female,22,Computer Science,3.43,Parkermouth,Ltd,"Python,Marketing,Communication,Data Analysis"
U00467,Jason Hernandez PhD,Male,24,Psychology,3.0,Clineview,Inc,"Machine Learning,Management,AI"
U00468,Madison Beck,Male,24,Marketing,2.22,Leslieton,Inc,"Management,SQL,Data Analysis,AI,Machine Learning"
U00469,Michael Ramirez,Male,23,Psychology,3.73,South Peterton,and Sons,"Data Analysis,SQL"
U00470,Kelly Acosta,Female,26,Biology,3.27,Curtisbury,Ltd,"Communication,C++,Cloud Computing,Marketing"
U00471,Amber Duke,Male,27,Marketing,3.95,South Kaitlyn,Group,"Machine Learning,Marketing,Design,Management,SQL"
U00472,Brad Diaz,Female,24,Business,2.64,Lake Sharonmouth,Ltd,"Marketing,Python,SQL,Design,Communication"
U00473,Jonathan Barron,Female,24,Physics,3.75,Lake Maria,Inc,"Machine Learning,SQL,Python,Java,AI"
U00474,Lori Gould,Male,25,Marketing,2.72,Benjaminport,and Sons,"Python,Data Analysis,SQL"
U00475,Sarah Riggs,Female,21,Marketing,2.25,Jacobside,Inc,"C++,Cloud Computing"
U00476,Elizabeth Mason,Male,23,Engineering,3.38,Bauerville,Inc,"Machine Learning,Python,C++,Management,Data Analysis"
U00477,Kimberly Green,Male,20,Marketing,3.1,Lake Timothymouth,Group,"Machine Learning,Design"
U00478,John Black,Male,22,Economics,2.37,Port Tracy,PLC,"Python,Java,Data Analysis,C++"
U00479,Kimberly Young,Female,23,Business,3.79,West Samuelland,Inc,"Cloud Computing,Design,AI,Data Analysis,Machine Learning"
U00480,Joel Johnson,Female,21,Biology,2.3,West Lauraland,Inc,"Data Analysis,Cloud Computing,Machine Learning,Communication,AI"
U00481,Meredith Robinson,Male,25,Business,3.97,Travisfort,LLC,"Management,SQL,C++"
U00482,Ralph Becker,Male,22,Business,3.86,Collinsport,Ltd,"Management,AI,Marketing,Communication,Python"
U00483,Evan Gamble,Female,26,Physics,3.42,Bakerport,and Sons,"Machine Learning,Cloud Computing"
U00484,Loretta Sullivan,Male,28,Business,3.56,North Lisaton,and Sons,"Machine Learning,Python"
U00485,Victoria Hancock,Male,20,Economics,3.58,Bishopmouth,LLC,"Data Analysis,Management,SQL"
U00486,Steven Kennedy,Female,27,Computer Science,3.39,East Justinshire,LLC,"Cloud Computing,Communication"
U00487,Mr. Cody Hall,Male,26,Business,2.73,Lake Monica,and Sons,"Python,C++"
U00488,Briana Rogers,Male,21,Business,3.71,South Gregory,Ltd,"Marketing,Cloud Computing,AI,Machine Learning,Python"
U00489,Patrick Montes,Female,27,Economics,2.79,South Robertville,LLC,"Java,C++,SQL,Design,Machine Learning"
U00490,Anna Wilson,Female,20,Marketing,3.96,North Kellystad,and Sons,"Design,Cloud Computing"
U00491,Joshua Medina,Male,22,Physics,3.64,Lisabury,PLC,"AI,Python,C++,Design"
U00492,Philip Foster,Male,29,Economics,2.54,Hessmouth,Ltd,"Management,AI"
U00493,James Ortiz,Female,24,Computer Science,2.02,Lake Kevin,and Sons,"Machine Learning,AI,Java,Data Analysis"
U00494,Zachary Tyler,Female,28,Business,3.26,West Elizabeth,Ltd,"Java,SQL,AI,Data Analysis"
U00495,Daniel Carlson,Male,29,Marketing,3.57,Georgeland,Inc,"Management,C++"
U00496,Benjamin Bender,Female,25,Physics,2.93,Port Jeanetteview,PLC,"Data Analysis,Marketing,Cloud Computing,Python"
U00497,Greg Williams,Male,22,Computer Science,3.2,Stevefort,Group,"Marketing,Data Analysis"
U00498,Holly Lucero,Male,27,Business,2.53,Martinchester,and Sons,"Management,Design,SQL,Data Analysis"
U00499,Frank May,Male,29,Engineering,3.59,Lake Brendan,LLC,"Communication,Python,Cloud Computing,Management,Marketing"
U00500,Paul Cole,Male,27,Physics,2.82,Port Mariafort,and Sons,"Design,Machine Learning,Cloud Computing,Communication"
U00501,Julie Cruz,Female,27,Computer Science,3.93,Taylorbury,Group,"Communication,SQL,Machine Learning,Python"
U00502,Nicholas Simon,Male,25,Physics,3.13,Starkmouth,Group,"SQL,Java"
U00503,Christina Skinner,Male,30,Psychology,2.47,Watsonmouth,and Sons,"Java,Machine Learning"
U00504,Richard Watson,Male,25,Marketing,3.39,Byrdshire,Group,"Java,Cloud Computing,AI,Machine Learning,Communication"
U00505,Elizabeth Bowman,Male,21,Physics,3.06,Reneeborough,Ltd,"Management,C++,Cloud Computing,Python"
U00506,Crystal Mclaughlin,Male,30,Engineering,3.88,East Davidborough,Group,"C++,Cloud Computing,Management,Communication"
U00507,Jean Kaufman,Female,23,Computer Science,2.71,Allenberg,Group,"Communication,Python,Management,Machine Learning"
U00508,Shaun Smith,Male,29,Business,3.73,Marissaside,and Sons,"C++,Java,Machine Learning"
U00509,Keith Short,Male,23,Physics,3.91,South Angelachester,Inc,"AI,Management,Marketing,Java,Communication"
U00510,Kevin Robertson,Female,23,Computer Science,3.26,Lake Jamie,and Sons,"Communication,Python,AI,Data Analysis"
U00511,Roy Greene,Female,25,Computer Science,3.53,Matthewston,PLC,"Communication,Marketing"
U00512,Chelsea Krueger,Male,30,Business,2.12,New Sarahbury,LLC,"Cloud Computing,Communication,Data Analysis,Design"
U00513,Carolyn Johnson,Female,27,Business,3.92,Scottbury,Ltd,"Communication,Management,Marketing,Data Analysis,Cloud Computing"
U00514,Alexander Fitzgerald,Male,26,Business,3.61,Kruegerside,Group,"Management,Python,Design,AI,Communication"
U00515,Maria Anderson,Male,23,Economics,2.31,Thomastown,and Sons,"Data Analysis,Python,Machine Learning,Marketing"
U00516,Brandon Arnold,Male,23,Physics,3.88,New Erica,Ltd,"Data Analysis,C++,SQL,Cloud Computing"
U00517,James Anderson,Female,27,Physics,2.75,South Theresamouth,and Sons,"C++,Design"
U00518,Kayla Miller,Male,29,Physics,3.24,Port Christinahaven,and Sons,"Communication,Data Analysis,Management,Marketing,Python"
U00519,John Knapp,Male,20,Biology,3.31,Port Michael,LLC,"Python,Design,Marketing"
U00520,Katelyn Daniels,Male,21,Computer Science,2.62,Lake Joshua,PLC,"SQL,C++,Cloud Computing,Design,AI"
U00521,Debra Jones,Male,29,Marketing,2.39,South Michael,PLC,"Data Analysis,AI"
U00522,Kimberly Rivera,Male,25,Physics,2.27,Kevinport,and Sons,"Data Analysis,Python,Marketing"
U00523,Sarah Griffin,Male,21,Biology,2.2,Henryton,Ltd,"Management,Design,SQL"
U00524,Andrea Hawkins,Male,26,Psychology,3.12,East Michaelside,Group,"C++,Cloud Computing,Design"
U00525,Kevin Caldwell,Male,22,Psychology,3.25,South Alexandria,PLC,"Communication,Python"
U00526,Shane Baker,Male,26,Marketing,2.09,Rowemouth,Ltd,"Cloud Computing,C++,Java,Design"
U00527,Robert Young,Female,24,Business,2.29,Samanthaberg,Group,"SQL,Data Analysis,C++"
U00528,David Robinson,Female,29,Engineering,3.93,South Thomas,Group,"C++,Marketing,Machine Learning"
U00529,Mark Wright,Female,28,Business,2.2,Johnsontown,Group,"Cloud Computing,Python,Design,Management,Java"
U00530,Pamela Sexton,Female,21,Biology,3.17,North Christina,Ltd,"Data Analysis,SQL"
U00531,Jessica Vargas,Female,30,Physics,3.38,Laurenshire,Group,"C++,Marketing,Java,AI"
U00532,Catherine Garcia,Male,25,Psychology,3.99,Georgeville,PLC,"Communication,Java,Design,Data Analysis"
U00533,Daniel Jones,Female,26,Biology,2.06,Port Wesley,PLC,"Data Analysis,Python,Cloud Computing,Management"
U00534,Christopher Henderson,Male,22,Computer Science,3.08,Port Jeanne,Ltd,"Python,SQL,Management,Java"
U00535,Nathan Johnson,Male,20,Psychology,2.06,Johnsonchester,LLC,"AI,Java,Cloud Computing,Marketing"
U00536,Kelly King,Female,28,Physics,2.25,Troyborough,PLC,"Communication,Data Analysis"
U00537,Crystal Melton,Female,27,Engineering,2.76,North Jennifer,Ltd,"Communication,Design,AI,Management"
U00538,Kelly Hughes,Female,28,Computer Science,3.37,Port Shanebury,Ltd,"C++,AI"
U00539,Christopher Brown,Female,25,Biology,3.88,East Amandatown,Inc,"Marketing,Machine Learning,Cloud Computing,Python"
U00540,Jessica Scott,Male,28,Psychology,2.27,South Kyle,Inc,"Management,Cloud Computing,SQL,Java"
U00541,Mr. Anthony Reilly,Male,30,Computer Science,3.05,Russellstad,PLC,"Java,Management"
U00542,Andrew Wade,Male,23,Marketing,2.57,South Kenneth,LLC,"Cloud Computing,Data Analysis,AI"
U00543,Christopher Dawson,Male,22,Computer Science,3.94,North Cole,Group,"AI,Communication"
U00544,Austin Kim,Female,28,Economics,3.21,North Jasonchester,Inc,"Python,Java"
U00545,Crystal Jordan,Male,27,Business,3.14,South Robertbury,Inc,"SQL,Data Analysis"
U00546,Dylan Walker,Male,21,Engineering,3.97,South Johnland,LLC,"AI,Data Analysis,Cloud Computing,Communication"
U00547,Michael Jackson,Female,26,Economics,2.47,Sandraside,LLC,"Communication,Data Analysis,C++"
U00548,Victoria Erickson,Female,23,Engineering,3.79,Gabrielfort,Ltd,"Design,Java,Data Analysis,AI"
U00549,Richard Cohen,Male,28,Computer Science,2.25,West Michael,and Sons,"Machine Learning,SQL,AI,Data Analysis"
U00550,Angela Spears,Male,27,Marketing,2.63,South Andrew,and Sons,"Management,C++,AI"
U00551,Madeline Rivera,Female,27,Economics,3.05,New Julieton,Group,"Data Analysis,SQL,Management,Communication,Design"
U00552,Lori Mendez,Male,23,Marketing,2.76,West Patricia,Ltd,"Communication,AI,Management,C++"
U00553,Mark Nielsen,Female,27,Computer Science,2.86,Derrickport,Ltd,"Management,SQL,Cloud Computing,Design"
U00554,Jamie Rowe,Male,29,Engineering,3.51,New Tyler,Group,"SQL,Management"
U00555,Ryan Hebert,Male,29,Economics,2.79,Lake David,Inc,"Java,AI"
U00556,Kathy Velazquez,Female,26,Engineering,2.07,South Mary,and Sons,"Marketing,SQL"
U00557,Bruce Fuentes PhD,Female,27,Business,3.9,North David,Group,"Communication,Management,SQL,Java,Design"
U00558,Frances Jones,Female,23,Economics,2.86,Port Robertshire,Group,"Data Analysis,Communication,Java,Management,Cloud Computing"
U00559,Carlos Coleman,Female,22,Computer Science,3.29,North Samantha,Group,"C++,Machine Learning,Cloud Computing,AI"
U00560,Brian Gordon,Female,28,Business,3.27,Kathrynside,Inc,"Data Analysis,Machine Learning"
U00561,Pamela Hammond,Male,23,Engineering,3.01,Popeshire,Ltd,"Cloud Computing,Java"
U00562,Pamela Bell,Female,20,Engineering,2.4,East Katrina,PLC,"Management,C++,Communication,AI,Python"
U00563,Frank Lee,Male,23,Engineering,3.79,Shannonchester,Ltd,"Python,SQL,Data Analysis"
U00564,Debra Robles,Female,22,Business,2.25,Greenebury,PLC,"Management,AI,Java,Cloud Computing"
U00565,Christine Jones,Female,23,Engineering,3.94,Snyderview,PLC,"Data Analysis,Management,Marketing"
U00566,Barry Miles,Male,20,Engineering,2.04,Danielfurt,Group,"Management,Cloud Computing,Python,Marketing,AI"
U00567,Eric Parrish,Female,22,Biology,2.42,East Valerie,LLC,"Marketing,AI"
U00568,David Stewart,Male,20,Marketing,2.6,Grantchester,LLC,"Python,Communication,SQL,C++"
U00569,Jonathan Gonzalez,Male,29,Economics,2.86,North Veronica,Ltd,"SQL,Data Analysis"
U00570,George Carter,Female,22,Engineering,2.61,Lake Michael,PLC,"Design,Machine Learning,C++,AI,Marketing"
U00571,Daniel Curtis,Male,30,Biology,3.47,West Thomas,and Sons,"Cloud Computing,Data Analysis,SQL"
U00572,Michelle Grant,Male,23,Computer Science,2.4,Adamsview,Ltd,"Marketing,Data Analysis,Python,Management,AI"
U00573,Ryan Pacheco,Female,29,Economics,3.0,Catherinefort,Ltd,"Cloud Computing,SQL,AI,Java"
U00574,Traci Whitaker,Male,26,Physics,3.26,Brendaborough,PLC,"Management,Communication,Data Analysis"
U00575,Elizabeth Walls,Female,30,Biology,3.27,Zacharybury,and Sons,"Java,Machine Learning,Data Analysis,Cloud Computing,AI"
U00576,Lauren Williams,Male,24,Computer Science,2.99,Dennischester,Group,"Data Analysis,SQL"
U00577,Mr. Christopher Robinson,Male,27,Physics,2.5,Lake Luketon,PLC,"C++,Marketing,Data Analysis"
U00578,Mike Hart,Female,29,Engineering,3.11,New Kevinland,PLC,"Data Analysis,Java,Cloud Computing,Design"
U00579,Adrian Thompson,Female,28,Physics,2.19,Tammyport,and Sons,"Data Analysis,Management"
U00580,Mary Mills,Male,24,Marketing,3.96,Harrisonland,LLC,"Python,Cloud Computing,C++,Management"
U00581,Jeremy Johnson,Male,26,Psychology,3.84,New Jonathan,PLC,"Design,C++"
U00582,Douglas Burke,Female,28,Physics,3.44,Sharptown,PLC,"SQL,Communication,Cloud Computing,AI,Java"
U00583,Christian Clay,Female,30,Business,3.28,West Brendan,Ltd,"Python,C++,Machine Learning,Cloud Computing,SQL"
U00584,Jennifer Williams,Male,26,Business,2.16,Oneillhaven,LLC,"Marketing,Communication"
U00585,Alexis Perry,Female,22,Marketing,3.0,South Devinbury,Inc,"Cloud Computing,Python,Management,Machine Learning"
U00586,Ana Shaw,Male,28,Biology,3.47,South Warren,Inc,"C++,AI,SQL"
U00587,Anthony Woodward,Female,30,Computer Science,2.1,Melaniemouth,Ltd,"Design,Cloud Computing,C++"
U00588,Janet Sexton,Female,29,Marketing,3.24,Meghanchester,and Sons,"SQL,Java,Python"
U00589,Steven Hawkins,Male,24,Business,2.63,West Peggy,and Sons,"Machine Learning,C++,SQL,Data Analysis"
U00590,Jennifer Lee,Female,25,Psychology,3.99,Kimfort,Inc,"Design,Machine Learning,Marketing,Data Analysis"
U00591,Susan Schmidt,Male,24,Marketing,2.55,New Jenniferhaven,Group,"Design,C++,Data Analysis"
U00592,Emily Long,Male,24,Marketing,2.02,Stanleychester,Ltd,"Communication,SQL,Management"
U00593,Sara Kelly,Male,28,Psychology,2.3,Smithberg,and Sons,"SQL,Design,Cloud Computing,AI"
U00594,Scott Anderson,Female,22,Psychology,2.41,Port Philip,Ltd,"Marketing,Java,AI"
U00595,David Mcintyre,Male,26,Economics,2.08,Gloriaside,and Sons,"Machine Learning,Design"
U00596,William Taylor,Female,22,Business,3.08,Friedmanview,Ltd,"Data Analysis,Management"
U00597,Thomas Davidson,Female,21,Computer Science,2.1,Elizabethborough,Group,"Java,Cloud Computing,AI,C++"
U00598,Eric Guzman,Male,21,Marketing,3.05,Scottfort,Ltd,"Communication,Marketing,Cloud Computing,C++,Java"
U00599,David Price,Male,29,Economics,2.47,Carolland,PLC,"Python,AI,Management"
U00600,Mary Barker,Male,21,Psychology,2.76,Port Gregory,and Sons,"Management,Java,SQL"
U00601,Carly Carter,Female,21,Biology,3.33,Jeremyton,Inc,"Java,Cloud Computing,Communication"
U00602,Peggy Rodriguez,Female,27,Psychology,2.2,Lopezstad,PLC,"Management,C++,Design,Java,Communication"
U00603,Austin Ho,Male,24,Psychology,2.35,South Markside,Group,"Marketing,AI,Java"
U00604,Dr. Ashley Wiley,Male,25,Physics,2.17,Zimmermanberg,and Sons,"Communication,Cloud Computing,Management"
U00605,Susan Lopez,Male,22,Computer Science,3.45,Danielville,and Sons,"Cloud Computing,Machine Learning,Management,AI"
U00606,Edward Carr,Male,20,Computer Science,3.15,North Jennifer,LLC,"Machine Learning,C++,Management,SQL,Data Analysis"
U00607,Christopher Cooper,Male,23,Business,3.64,Lake Gregg,Group,"SQL,Design,C++,Cloud Computing"
U00608,Johnny Lawson,Female,25,Physics,3.72,North Timothy,LLC,"Management,Communication,Marketing,Python"
U00609,Miss Courtney Edwards,Male,27,Marketing,2.21,Douglasside,and Sons,"Java,Data Analysis,AI,C++"
U00610,Amy Castillo,Male,24,Engineering,3.09,Crystalmouth,Inc,"Java,Communication,Data Analysis,Machine Learning,Design"
U00611,Marco Harrison,Female,24,Engineering,2.73,East Rachelchester,Inc,"Data Analysis,SQL"
U00612,Wendy Chapman,Female,24,Psychology,2.66,New Sandyland,Inc,"Cloud Computing,Java,Machine Learning,Data Analysis,AI"
U00613,Michael Thompson,Female,30,Computer Science,3.43,Lake Danielle,PLC,"Python,Cloud Computing"
U00614,John Mcdowell,Female,22,Business,2.77,Davischester,Ltd,"C++,Communication,SQL,Machine Learning"
U00615,Matthew Anderson,Male,27,Business,2.14,Brownborough,Group,"AI,Java,SQL,Data Analysis,Cloud Computing"
U00616,Rachael Carroll,Female,25,Marketing,3.23,Michaelland,and Sons,"Machine Learning,SQL,C++,Java,Python"
U00617,Isabella Alexander,Female,22,Business,3.08,Cameronshire,Ltd,"Design,Machine Learning"
U00618,Christopher Fox,Male,26,Economics,3.38,New Valerie,Group,"Design,Java,Data Analysis,Marketing"
U00619,Kari Price MD,Male,22,Economics,2.13,South Robert,Inc,"Marketing,Cloud Computing,AI,Java,Management"
U00620,Christopher Torres,Female,29,Physics,3.49,West Cynthia,LLC,"Data Analysis,SQL,Design,Communication"
U00621,Timothy Lawson,Male,22,Computer Science,2.01,Jordanland,and Sons,"Java,Data Analysis,Marketing"
U00622,Nicole Wells,Female,21,Biology,2.7,South Stevenland,Inc,"AI,Management"
U00623,Tyrone Frazier,Female,23,Business,3.57,West Roymouth,LLC,"Marketing,SQL"
U00624,Penny Ortiz,Male,23,Marketing,2.59,Port Brendabury,PLC,"Data Analysis,Cloud Computing"
U00625,Brian Bradshaw,Male,21,Economics,3.27,East Danielville,Ltd,"AI,C++,Communication"
U00626,Brian Smith,Male,25,Marketing,2.12,Davisburgh,and Sons,"Management,Communication"
U00627,Matthew Vargas,Female,20,Economics,3.57,New Nicoleland,Inc,"Design,Python,Java,Management,AI"
U00628,Rachael Conner,Male,22,Biology,3.19,Matthewchester,Ltd,"Management,Java,Design,AI"
U00629,Regina Martinez MD,Male,20,Biology,3.98,Ernestland,Ltd,"Marketing,Machine Learning,SQL,Cloud Computing"
U00630,Maria Colon,Female,20,Psychology,2.58,North Ashlee,PLC,"Management,Communication,Data Analysis"
U00631,Allison Holmes,Male,22,Marketing,2.78,Blackview,PLC,"Machine Learning,Data Analysis,Marketing"
U00632,Jeffrey Stuart,Female,24,Economics,2.29,West Amanda,PLC,"Marketing,Java,C++,Design"
U00633,Angela Smith,Male,26,Marketing,2.72,New Lisa,PLC,"SQL,Data Analysis"
U00634,Pedro Cardenas,Male,21,Economics,2.32,Justinchester,Group,"Marketing,SQL"
U00635,Michael Miller,Female,29,Physics,3.06,East Jillton,Ltd,"Cloud Computing,Java,C++,Python"
U00636,Melvin Morris,Male,24,Engineering,2.31,Hopkinsshire,LLC,"AI,Cloud Computing"
U00637,Calvin Berry,Female,30,Psychology,3.14,Schroederfort,Group,"Data Analysis,Java,Cloud Computing,AI"
U00638,Samantha Hebert,Male,29,Business,2.85,West Raymond,PLC,"SQL,Design,Management,Machine Learning"
U00639,Dr. Destiny Nichols,Female,29,Computer Science,2.88,Westbury,Inc,"AI,Management,Marketing"
U00640,Ashley Ford,Female,29,Computer Science,3.21,North Brian,Inc,"Java,Cloud Computing"
U00641,Cheryl Payne,Female,26,Computer Science,3.16,Shanefurt,Group,"SQL,Machine Learning"
U00642,Taylor Avila,Male,23,Engineering,3.29,East Christina,LLC,"Communication,Data Analysis,Management,Cloud Computing"
U00643,Maxwell Lopez PhD,Male,20,Biology,3.79,South Cynthialand,LLC,"Management,Data Analysis"
U00644,Jessica Rodriguez,Male,28,Marketing,3.47,Port Derrickland,PLC,"Python,SQL,Machine Learning,Communication,C++"
U00645,Kara Grant,Male,23,Marketing,2.96,New Amy,PLC,"Design,Management,Java"
U00646,Gabriel Stewart,Female,23,Physics,3.83,Port Andrew,Ltd,"Data Analysis,Java,Machine Learning,SQL"
U00647,Christopher Henderson,Female,20,Marketing,2.08,Ashleyburgh,Group,"Marketing,SQL,Data Analysis,AI"
U00648,Kristina Elliott,Female,30,Physics,2.79,Jillianside,LLC,"Marketing,Python,Cloud Computing,Machine Learning"
U00649,Teresa Tapia,Female,30,Marketing,2.43,East Joshua,and Sons,"SQL,Communication,Cloud Computing,AI,Python"
U00650,Stacy Castro,Female,21,Computer Science,2.23,New Maryside,and Sons,"Cloud Computing,Machine Learning,Design"
U00651,James Johnson,Male,28,Economics,3.56,Carlosfort,and Sons,"Communication,Java"
U00652,Alyssa Bautista,Male,26,Business,2.38,Sethside,PLC,"AI,C++,Python,Communication"
U00653,Leslie Edwards,Female,22,Psychology,2.18,Brentmouth,Inc,"Data Analysis,Marketing"
U00654,Kenneth Curtis,Female,22,Economics,2.56,East Kellyton,LLC,"Design,Data Analysis,Marketing,Management,SQL"
U00655,Taylor Swanson,Male,30,Business,3.11,Elizabethchester,Ltd,"Marketing,Design,Python"
U00656,Julie Serrano,Male,21,Engineering,2.9,Moralesmouth,LLC,"C++,AI,Python"
U00657,Joseph Edwards,Female,28,Engineering,3.85,Nguyenshire,Group,"Python,Design,AI"
U00658,James Robbins,Female,23,Psychology,3.35,Ruthport,PLC,"Python,AI"
U00659,Amy Martinez,Female,25,Business,2.66,West Johnathan,LLC,"Marketing,AI,Management,Machine Learning"
U00660,Lori Martinez,Female,28,Biology,3.43,East Charles,and Sons,"Communication,AI,Cloud Computing"
U00661,Samantha Walters,Male,22,Physics,3.6,North Christopherburgh,Inc,"Java,Design"
U00662,Randall Roberson,Female,27,Engineering,2.39,Port Frank,PLC,"Design,Data Analysis,Python,SQL,AI"
U00663,Julie Jones DDS,Female,27,Engineering,2.5,North Jorge,Group,"Python,Communication,Management"
U00664,Tristan Carlson,Male,21,Economics,3.72,Williamston,and Sons,"Design,Marketing,Cloud Computing"
U00665,Jessica Wilson,Female,20,Biology,3.19,East Stephanie,LLC,"Data Analysis,C++,Marketing,Cloud Computing,Java"
U00666,Kelly Bolton,Male,28,Marketing,3.59,Evanberg,Group,"Cloud Computing,AI,Java,Marketing,Communication"
U00667,Jennifer Smith,Female,24,Biology,3.28,South Oscarfurt,Group,"Java,Management,SQL,Machine Learning,Marketing"
U00668,Brooke Craig,Female,29,Computer Science,3.53,Fisherville,Inc,"SQL,Python,Communication"
U00669,Gary Beck,Male,22,Business,2.45,East Brittany,PLC,"Management,Marketing,Cloud Computing"
U00670,Steven Mann,Male,30,Physics,4.0,Ashleyville,Inc,"Data Analysis,Management"
U00671,Bradley Cox,Female,30,Engineering,3.77,Nicoleton,Inc,"Communication,SQL"
U00672,Alec Soto,Female,29,Business,2.71,North Kevinstad,PLC,"Cloud Computing,Management,Python,Machine Learning"
U00673,Douglas Myers,Male,21,Economics,2.89,Saraville,PLC,"Machine Learning,Python,Communication"
U00674,Kenneth Valdez,Female,26,Psychology,2.5,Nicoleview,Inc,"C++,AI,Management,Cloud Computing,Communication"
U00675,Karen Martinez,Male,20,Biology,2.99,New David,and Sons,"Design,Management,Machine Learning,C++,Cloud Computing"
U00676,Mark Hall,Female,30,Business,3.08,Nicoleshire,Inc,"Design,Machine Learning,SQL,C++,Java"
U00677,Daniel Taylor,Male,22,Computer Science,3.01,Heathermouth,PLC,"Marketing,Management"
U00678,Thomas Gonzalez,Female,24,Psychology,3.82,New Heather,Ltd,"C++,Python,Design"
U00679,Jennifer Griffith,Female,23,Business,2.08,South Jeffreyport,PLC,"Java,Machine Learning,Data Analysis,Cloud Computing"
U00680,Kathy Roach,Female,23,Marketing,2.14,Russomouth,PLC,"Data Analysis,Marketing,C++,Communication,Management"
U00681,Adam Richardson,Female,24,Business,2.78,Flemingview,Inc,"Java,Design,Management,Cloud Computing"
U00682,Raymond Harris,Female,22,Computer Science,3.33,East Cameron,LLC,"Management,Cloud Computing,SQL,Communication,Machine Learning"
U00683,Morgan Barnett,Female,25,Marketing,3.74,Lake Gailburgh,LLC,"C++,AI,Java,Management,Cloud Computing"
U00684,William Taylor,Male,28,Psychology,2.29,Benjaminberg,and Sons,"Python,C++,Data Analysis,Marketing"
U00685,Samuel Chase,Female,24,Business,3.94,Christopherville,Inc,"Management,C++,Python"
U00686,Robert Johnson,Female,28,Marketing,2.81,West Beverly,and Sons,"SQL,Cloud Computing,AI,Communication"
U00687,Carl Whitehead,Female,22,Business,2.95,Alexanderview,Group,"Management,Marketing,AI,SQL"
U00688,Peter Brady,Male,22,Computer Science,2.5,South Geraldmouth,Inc,"Management,Cloud Computing"
U00689,James Campbell,Male,23,Computer Science,2.79,New Jason,PLC,"Machine Learning,Management,Data Analysis,Design"
U00690,Michael Wallace,Female,22,Marketing,3.42,South Antonio,Ltd,"Management,AI,Data Analysis,Python"
U00691,Catherine Adams,Male,30,Psychology,2.28,South Rebecca,PLC,"Java,AI"
U00692,Lee Porter,Female,25,Marketing,2.31,West Nathan,Ltd,"Data Analysis,AI,Management,C++,Machine Learning"
U00693,Bryan Sanchez,Female,27,Physics,3.41,East Alexanderport,Group,"Data Analysis,Java"
U00694,Brandon Moore,Female,27,Marketing,2.27,Port Crystal,LLC,"AI,Cloud Computing,Design"
U00695,Carl Glenn,Male,21,Economics,2.63,West Jennifermouth,LLC,"Marketing,Cloud Computing,SQL"
U00696,Harold Harris,Female,28,Marketing,3.13,Thompsonstad,Group,"Management,SQL,Machine Learning,Communication,Marketing"
U00697,Jeremy Joseph,Female,20,Business,3.41,Jenniferborough,LLC,"Python,C++,SQL"
U00698,Stacey Garcia,Male,28,Engineering,3.93,Lake David,Group,"C++,Marketing,Java,Machine Learning"
U00699,Judy Berry,Male,22,Biology,3.19,East Gerald,Inc,"C++,Cloud Computing"
U00700,Christopher Garrett,Female,26,Computer Science,3.41,West Donald,and Sons,"Python,Communication"
U00701,Stephanie Mendoza,Female,28,Marketing,2.76,Smithmouth,Group,"Machine Learning,SQL"
U00702,Jennifer Smith,Male,28,Physics,3.97,Lake Christopherland,Group,"Data Analysis,Java,Design,Cloud Computing"
U00703,Henry Rivera,Female,30,Economics,2.31,Alanhaven,and Sons,"Java,Communication"
U00704,Victor Klein,Male,27,Marketing,3.27,South Michelle,and Sons,"AI,SQL,Communication,Data Analysis"
U00705,Rebecca Phillips,Male,26,Physics,2.26,Wernerfort,LLC,"Data Analysis,Marketing,Design,Communication,Python"
U00706,William Stewart,Female,29,Business,3.61,Tanyafurt,Inc,"Communication,Marketing,C++,AI"
U00707,Hector Willis,Female,20,Marketing,3.54,South Angelaland,LLC,"SQL,Design,Management,Communication"
U00708,Henry Young,Male,24,Economics,3.75,East Jaimeberg,LLC,"Data Analysis,Machine Learning,Java,Design"
U00709,Edward Turner,Female,27,Engineering,3.87,Smithstad,PLC,"Java,AI,Data Analysis"
U00710,Patricia Williams,Female,23,Biology,3.87,Sharonport,LLC,"Management,SQL,C++"
U00711,Carolyn King,Female,22,Biology,2.05,North Ryanside,and Sons,"Communication,Cloud Computing,C++,AI"
U00712,Tracy Johnson,Female,22,Economics,3.2,Christineland,Inc,"AI,Python,Marketing,Machine Learning"
U00713,Charles Medina,Male,29,Physics,2.82,Audreytown,Ltd,"Data Analysis,Java,Management,Design"
U00714,Shelby Hood,Male,20,Psychology,3.05,Debraberg,PLC,"Marketing,SQL"
U00715,Gregory Blake,Female,24,Engineering,3.0,Reneeton,and Sons,"Java,Data Analysis"
U00716,Morgan Fletcher,Male,24,Economics,3.73,Tonyafurt,and Sons,"Data Analysis,Python,Management,Communication,Cloud Computing"
U00717,Jessica Yates,Male,23,Business,3.02,Whitebury,Group,"Data Analysis,Management"
U00718,Crystal Chandler,Male,29,Psychology,3.26,South Michaelville,PLC,"Machine Learning,AI"
U00719,Catherine Ware,Female,29,Engineering,2.93,Lewisburgh,PLC,"Communication,Machine Learning"
U00720,Daniel Brown,Male,21,Physics,3.71,Port Luke,PLC,"Java,Marketing,Design,AI,Data Analysis"
U00721,Ralph Jones,Female,28,Psychology,3.98,West Louis,Ltd,"AI,Design"
U00722,Cheryl Mccall,Male,27,Biology,3.92,Lopezshire,Ltd,"Data Analysis,Python,Design,Communication"
U00723,Allison Weber,Male,26,Physics,2.81,South Carrietown,PLC,"Python,Machine Learning,Data Analysis"
U00724,Mr. Russell Spence,Female,26,Computer Science,3.72,West Henry,Inc,"Python,SQL,Marketing"
U00725,Willie Ellis,Male,27,Computer Science,2.42,South Holly,Ltd,"Management,SQL"
U00726,Renee Gardner,Male,27,Economics,2.15,East Hannah,Group,"Design,Communication,Machine Learning"
U00727,Brianna Palmer,Male,29,Economics,3.02,Kellyshire,LLC,"Machine Learning,Marketing"
U00728,Donald Lowe,Female,27,Computer Science,2.2,Parkerstad,LLC,"Python,Design"
U00729,Joshua Wilson DVM,Male,30,Physics,3.71,North Royland,Group,"Management,Data Analysis,Machine Learning"
U00730,Samantha Collins,Female,27,Psychology,3.69,Wilsonmouth,PLC,"C++,AI,SQL,Marketing,Communication"
U00731,David Vasquez,Male,21,Marketing,3.89,Schultzton,LLC,"Data Analysis,Python,Machine Learning,Cloud Computing,Communication"
U00732,Angela Phillips,Female,29,Marketing,2.73,Michaelburgh,and Sons,"Python,Cloud Computing,Machine Learning,Design"
U00733,Brandon Hill,Male,20,Economics,2.53,Andrewsfort,Group,"SQL,Data Analysis"
U00734,Teresa Garcia,Male,26,Business,2.77,Brownview,Group,"Cloud Computing,Data Analysis,Design,Machine Learning"
U00735,Brianna Hancock,Male,27,Psychology,2.86,South Dianeborough,Group,"Data Analysis,Cloud Computing,SQL"
U00736,Anne Freeman,Female,29,Psychology,3.81,Port Karen,and Sons,"C++,Java"
U00737,James Peterson,Female,21,Computer Science,2.69,Walkerton,and Sons,"Data Analysis,Management,Java"
U00738,Karen Booth,Female,22,Engineering,2.45,Elizabethborough,LLC,"Design,Python,C++"
U00739,David Roman,Female,28,Marketing,3.79,Port Edwardmouth,and Sons,"Communication,Java,Marketing"
U00740,Brenda Moore,Female,20,Engineering,3.17,Garciaberg,and Sons,"C++,Marketing,AI,Cloud Computing,Machine Learning"
U00741,Paula Smith,Male,24,Computer Science,3.87,Donaldsonport,PLC,"Design,Data Analysis,AI,Communication"
U00742,Alan Rivera,Male,23,Physics,3.52,New Jeanette,LLC,"SQL,Python,Marketing,Machine Learning"
U00743,Dr. Keith Roberts DVM,Female,22,Physics,3.82,New Melissa,and Sons,"Data Analysis,Python,Communication"
U00744,Tammy Simpson,Female,21,Engineering,3.38,Stephaniefort,and Sons,"AI,Communication,Management"
U00745,Dean Brown,Male,25,Computer Science,3.13,New Jeffrey,and Sons,"Marketing,Communication"
U00746,Jacob Ramos,Female,22,Psychology,2.73,Barbarachester,and Sons,"Machine Learning,Management,Cloud Computing"
U00747,Jeffrey Shields,Female,26,Psychology,3.35,New Terriborough,LLC,"Management,Python,Design,C++"
U00748,Janet Brown,Female,27,Computer Science,3.79,New Christymouth,PLC,"Marketing,C++,SQL,Communication,Cloud Computing"
U00749,Sandra Hicks,Male,25,Biology,3.61,Port Sherri,Ltd,"SQL,Management,C++,Python"
U00750,Shawna Cowan,Male,24,Engineering,2.58,Kristenberg,Ltd,"AI,Management"
U00751,Andrew Ibarra,Male,29,Psychology,2.19,Williamsstad,Ltd,"C++,Java"
U00752,Melanie Blake,Female,20,Physics,3.7,New Andrea,and Sons,"Marketing,Management,Java"
U00753,Jeffrey Knox,Female,30,Business,3.53,Lambburgh,Ltd,"Machine Learning,Cloud Computing,Python,Java,Communication"
U00754,Kim Moore,Male,25,Marketing,2.75,Lyonsside,Ltd,"Management,Marketing,Communication,Data Analysis,Machine Learning"
U00755,Karen Rojas,Male,30,Engineering,2.86,North Meganborough,Group,"SQL,C++,Management"
U00756,Tonya Larson,Female,22,Marketing,3.34,Hayesbury,LLC,"Machine Learning,Management,SQL,Cloud Computing"
U00757,Jeffrey Arnold,Female,20,Computer Science,2.56,West Raymondmouth,Group,"Data Analysis,Marketing,Cloud Computing,SQL,Machine Learning"
U00758,Sarah Black,Female,20,Psychology,2.91,West Tiffany,PLC,"Machine Learning,AI,SQL,Java,Data Analysis"
U00759,Thomas Martin,Female,28,Economics,2.1,Erichaven,LLC,"Marketing,Design"
U00760,Angela House,Male,28,Economics,3.77,Millerton,Ltd,"Cloud Computing,Data Analysis,Java,AI,Management"
U00761,Crystal Bradford,Female,27,Physics,2.61,Ashleyberg,Group,"AI,Management,Data Analysis,SQL,Marketing"
U00762,Renee Schwartz,Male,22,Economics,3.52,Port Ryanfort,Group,"Marketing,Machine Learning,Design"
U00763,Ann Smith,Male,25,Engineering,3.78,Padillachester,LLC,"Python,Data Analysis,Machine Learning"
U00764,Kayla Wyatt,Female,23,Psychology,2.05,West Evanville,and Sons,"Marketing,C++,Cloud Computing"
U00765,Christopher Carlson,Male,22,Psychology,2.24,Joshuashire,LLC,"Machine Learning,Management,Marketing,Communication"
U00766,Amanda Munoz DVM,Male,29,Engineering,2.87,Theresabury,Inc,"Management,Java,Communication"
U00767,Sarah Valdez,Female,21,Marketing,2.69,New Johnny,Group,"Marketing,AI,C++,Cloud Computing"
U00768,Yolanda Smith,Male,26,Psychology,2.71,Christianfort,Inc,"Data Analysis,C++,AI"
U00769,Troy Burke,Male,30,Computer Science,2.03,Jacksonburgh,LLC,"Java,AI"
U00770,Justin Li,Female,20,Computer Science,2.42,Kristinberg,Ltd,"Data Analysis,SQL"
U00771,Christopher Taylor,Female,24,Biology,3.01,Harringtonborough,LLC,"Java,C++,Management,Machine Learning"
U00772,Ashley Hughes,Female,22,Physics,2.12,Whiteside,Inc,"Communication,Management,Marketing,Cloud Computing,Machine Learning"
U00773,Pamela Rodriguez,Female,30,Computer Science,3.36,New Annaport,and Sons,"SQL,Java,Design"
U00774,Chelsea Torres,Female,20,Physics,2.45,South Laurenside,LLC,"SQL,C++,Cloud Computing,Marketing"
U00775,Jason Martinez,Male,27,Biology,2.83,Alyssachester,and Sons,"Python,C++,Design,Cloud Computing,Communication"
U00776,Sarah Landry,Male,27,Physics,2.14,Stricklandland,and Sons,"SQL,Communication,Cloud Computing,AI"
U00777,Richard Johns,Male,22,Marketing,2.07,Gamblefurt,Ltd,"Data Analysis,Machine Learning,Python,Communication,Marketing"
U00778,Ashley Hanna,Female,25,Engineering,3.86,Matthewside,PLC,"Data Analysis,Management,Python,Cloud Computing"
U00779,Derek Kim,Female,28,Economics,2.76,South Jamesbury,Ltd,"Cloud Computing,Java,Python,Management"
U00780,Anthony Jenkins,Male,24,Marketing,2.13,Stephaniefort,LLC,"Data Analysis,Communication"
U00781,Daniel Stephens,Female,27,Business,2.84,South Brianland,Inc,"SQL,Data Analysis"
U00782,Pamela Guzman,Female,24,Biology,2.57,Dawsonstad,PLC,"Management,Marketing,Communication,Python"
U00783,Vanessa Gardner,Female,24,Computer Science,2.23,Lake Eric,Ltd,"Java,SQL,Communication,Python"
U00784,William Doyle,Female,28,Engineering,3.21,Jonesbury,Ltd,"Python,Data Analysis"
U00785,Samantha Powell,Female,29,Economics,2.41,Jacksonstad,PLC,"Java,Marketing,AI"
U00786,Felicia Williams,Female,24,Physics,2.54,South Renee,Group,"AI,Machine Learning"
U00787,Jennifer Henry,Male,26,Computer Science,3.46,East Matthewton,Group,"AI,Python,C++,Design,Management"
U00788,Sharon Johnson,Male,23,Physics,2.86,West Jenniferland,Group,"Communication,C++,Cloud Computing,Data Analysis"
U00789,Glenn Campbell,Female,23,Biology,2.55,Phillipsside,LLC,"C++,AI,Data Analysis,Java"
U00790,Aaron Fowler,Female,28,Computer Science,2.25,Joshuafort,Inc,"C++,Marketing,Java,SQL"
U00791,Derek Alexander,Female,22,Physics,2.1,Nicholasshire,LLC,"Data Analysis,AI,Java"
U00792,Dr. Tyrone Thornton,Female,26,Computer Science,3.78,Jonesland,Inc,"Python,AI,Communication,Machine Learning"
U00793,Mitchell Gregory,Female,30,Psychology,2.38,West Luis,PLC,"Communication,Data Analysis,AI,SQL,Design"
U00794,Felicia Patterson,Male,23,Physics,3.13,Toddmouth,PLC,"SQL,Cloud Computing,Python,Communication"
U00795,Katrina White,Female,24,Engineering,2.43,Wayneshire,Group,"AI,C++,Cloud Computing"
U00796,Mary Henry,Male,21,Physics,3.29,Johnstonhaven,Group,"Java,Design,Cloud Computing"
U00797,Victoria Robertson,Female,29,Business,2.57,Danaton,Inc,"SQL,C++,Design,AI"
U00798,Patrick Spencer,Female,29,Economics,2.73,Jessefurt,Inc,"Data Analysis,C++,Management"
U00799,Megan Hernandez,Female,30,Marketing,3.59,Gabrielleborough,Group,"Python,Cloud Computing,Data Analysis,AI"
U00800,Matthew Rogers,Male,29,Psychology,3.43,North Williamshire,PLC,"Management,Marketing,Communication"
U00801,Mary Peck,Male,25,Computer Science,3.17,Juliahaven,Ltd,"Data Analysis,Cloud Computing"
U00802,Stephanie Buckley,Female,22,Psychology,2.7,Port Jessica,LLC,"AI,Design,Communication,Marketing,Data Analysis"
U00803,Jacqueline Miller,Male,24,Marketing,3.41,South Michaelton,Group,"Design,Java,Marketing,SQL,Python"
U00804,Stephanie Rogers,Male,23,Computer Science,3.71,Dwayneview,Ltd,"Cloud Computing,SQL,Communication,AI,Machine Learning"
U00805,Chase Dillon,Male,22,Economics,2.23,New Erinmouth,LLC,"Marketing,Cloud Computing,Machine Learning,Management"
U00806,Monique Perry,Male,26,Computer Science,2.97,Jonesbury,Group,"Machine Learning,Java,Cloud Computing"
U00807,Daniel Castaneda,Female,22,Business,2.35,Vargasport,PLC,"Management,Data Analysis,Marketing,C++"
U00808,Steven Foster,Male,30,Computer Science,3.73,North Madelineburgh,LLC,"Marketing,Python,Cloud Computing"
U00809,Rickey Ramos,Female,21,Biology,3.49,Port Deborahfurt,Group,"Communication,Data Analysis,Java"
U00810,John Cole,Male,28,Physics,2.24,West Elizabethville,Group,"Python,C++"
U00811,Jennifer Tucker,Male,29,Psychology,2.85,West Brittany,and Sons,"Python,Management,Data Analysis,Cloud Computing"
U00812,Sarah Kelly,Female,30,Business,3.86,Marvinhaven,LLC,"Design,Python,Cloud Computing,SQL,Management"
U00813,Francisco Mcdonald,Male,27,Engineering,3.98,South Katrinashire,and Sons,"Machine Learning,Communication,Marketing"
U00814,Jeremy Roberts,Male,30,Economics,3.02,New Christopher,Ltd,"SQL,AI,Data Analysis,C++,Python"
U00815,Patricia Powell,Female,30,Psychology,3.9,New Philipfurt,Ltd,"C++,Management,Java,AI,SQL"
U00816,Scott Walker,Male,22,Computer Science,2.67,Janeshire,LLC,"Data Analysis,Java"
U00817,Jesse Wagner,Female,30,Economics,3.3,North Jimmyview,Ltd,"Data Analysis,Machine Learning,Design,Cloud Computing"
U00818,Adam Smith,Female,27,Economics,2.68,Shannonchester,Ltd,"Python,Design,Data Analysis"
U00819,Richard Hayes,Male,24,Engineering,2.01,Hernandezshire,Group,"Java,C++,Management,SQL,Data Analysis"
U00820,Patricia Chambers,Female,26,Biology,2.08,West Christopherburgh,Inc,"Cloud Computing,Communication,C++,Design,Data Analysis"
U00821,Kyle Wyatt,Male,27,Physics,3.99,West Nathanielfort,PLC,"C++,Data Analysis,Python,Java"
U00822,Kevin Mercado,Female,20,Marketing,2.02,Johnshire,Ltd,"Data Analysis,Java,SQL,Design"
U00823,Ryan Morris,Male,25,Physics,2.5,Dianaview,LLC,"Machine Learning,SQL,Communication,Python,Java"
U00824,Nicole Brown,Male,27,Physics,3.25,East Danielleburgh,Ltd,"Data Analysis,Marketing,Java,C++,Design"
U00825,Laura Hoover,Male,27,Economics,2.2,New Angelafort,Ltd,"Python,Design,Data Analysis"
U00826,Danny Simmons,Male,27,Business,2.44,Ronaldmouth,and Sons,"Communication,Data Analysis,Marketing,C++,SQL"
U00827,Donna Joyce,Male,25,Biology,3.21,Floresborough,LLC,"Java,Python,Communication,Design,Marketing"
U00828,Anthony Buck,Female,28,Biology,2.91,South Karenmouth,Ltd,"Design,Cloud Computing,SQL,Communication,Java"
U00829,Robert Case,Male,20,Physics,3.39,Elizabethview,PLC,"Communication,Python"
U00830,Anne Cooper,Female,29,Psychology,3.36,East Andreaport,and Sons,"Java,SQL,Data Analysis,AI"
U00831,Ryan Martin,Male,22,Computer Science,3.69,Browningville,Inc,"Cloud Computing,Marketing"
U00832,Anne Clark,Male,23,Business,3.45,Wilkinsonshire,Inc,"Design,Communication,C++"
U00833,Shawn Williams,Male,28,Psychology,3.9,Brentport,LLC,"Marketing,Data Analysis,Python"
U00834,David Davis,Male,20,Psychology,3.06,Michaelborough,PLC,"Data Analysis,Communication,Management,Python,Java"
U00835,Matthew Rice,Female,28,Biology,3.16,South Joseph,and Sons,"Java,Management,Marketing"
U00836,Dustin Jordan,Male,24,Engineering,2.48,Port Lauraborough,Ltd,"Management,Marketing,Java,SQL"
U00837,Anthony Murray,Female,21,Computer Science,2.07,East Gregory,PLC,"Python,Machine Learning,SQL"
U00838,Eric Porter,Female,23,Business,3.56,Grimesside,LLC,"Java,SQL,Communication,Data Analysis"
U00839,Joshua Ingram,Female,25,Economics,3.88,Ginabury,Ltd,"Machine Learning,Python,C++"
U00840,Richard Fuller,Male,30,Business,3.27,West Territon,LLC,"AI,Machine Learning,Management,Python,Communication"
U00841,John Molina,Female,23,Marketing,2.86,Padillaton,LLC,"Marketing,Design"
U00842,James Ruiz,Female,24,Psychology,3.69,Nicholefort,PLC,"Marketing,SQL,Cloud Computing,Machine Learning,Management"
U00843,Anthony Berg,Male,21,Computer Science,3.55,New Laurastad,Inc,"Python,Machine Learning"
U00844,Nathan Patel,Female,23,Psychology,2.28,West James,Ltd,"C++,Data Analysis"
U00845,Veronica Martinez,Male,24,Computer Science,2.05,Melissaberg,Ltd,"Marketing,SQL,AI"
U00846,Suzanne Lewis,Male,24,Business,3.53,Port Paulaville,and Sons,"Design,AI"
U00847,Jody Robertson,Male,27,Physics,3.74,Anthonyton,Group,"Machine Learning,Java,Cloud Computing,Data Analysis"
U00848,Heather Gray,Female,30,Engineering,2.36,Gomezstad,Ltd,"Java,Machine Learning,Communication,Python"
U00849,Lorraine Kelly,Female,21,Biology,3.92,Lake Sierraville,Inc,"Marketing,Java"
U00850,Jacob Williams,Male,28,Economics,3.74,Lake Kellymouth,PLC,"C++,Python,Cloud Computing,Communication"
U00851,Andrea Foster,Female,25,Engineering,3.09,South Benjamin,Inc,"Data Analysis,Cloud Computing,Design,Marketing,Communication"
U00852,Kimberly Mcconnell,Male,28,Psychology,3.75,Clarkport,PLC,"Management,C++,Data Analysis,Python,Machine Learning"
U00853,Samuel Rollins,Male,30,Engineering,3.2,South Jamesview,and Sons,"Python,AI,Data Analysis,Marketing"
U00854,Curtis Medina,Male,24,Biology,3.52,Albertton,Group,"Python,Cloud Computing,C++"
U00855,Dustin Hughes,Female,30,Physics,2.25,Ryanville,LLC,"Java,Python,Marketing,Cloud Computing"
U00856,Eric Massey,Female,30,Marketing,3.39,Lopezburgh,and Sons,"Java,SQL,AI,Design"
U00857,Kevin Cameron,Female,29,Computer Science,3.45,Andersonstad,Ltd,"Communication,C++,Python,Marketing"
U00858,Paula Sims,Female,20,Business,2.28,North Lisaberg,PLC,"Management,Communication,Marketing,Cloud Computing,Python"
U00859,Lydia Martinez,Female,22,Psychology,2.49,South Tabithaport,PLC,"AI,Python,Design,Java"
U00860,Jessica Lopez,Female,27,Business,2.63,West Megan,Inc,"C++,Python,SQL,Design,Marketing"
U00861,Stacy Jacobs,Male,28,Engineering,2.11,Dodsontown,Group,"Machine Learning,Communication,Java,Data Analysis"
U00862,Ariel Wolfe,Male,29,Engineering,2.4,Vanessachester,and Sons,"Design,Marketing,AI,Python,Java"
U00863,Mercedes Torres,Female,29,Psychology,2.97,Dukeburgh,Inc,"Data Analysis,Design,SQL,Machine Learning"
U00864,Neil Williams,Male,25,Computer Science,3.18,Lindaport,Group,"AI,C++"
U00865,James Moore,Male,29,Physics,2.87,Katherineberg,Inc,"Marketing,SQL,Data Analysis,Machine Learning"
U00866,Erin Jones,Male,30,Economics,3.5,Lake Todd,Group,"Cloud Computing,AI,Marketing,Java"
U00867,Joshua Williams,Male,22,Marketing,2.48,North Rickmouth,Inc,"Marketing,AI,Python"
U00868,Shane Brown,Female,27,Engineering,2.34,New Jessica,Inc,"Data Analysis,Machine Learning"
U00869,Jill Briggs,Male,25,Physics,3.95,Lindaland,and Sons,"Communication,Data Analysis,Python,Machine Learning"
U00870,Ricky Riley,Male,29,Biology,3.39,Reginaldton,Inc,"Machine Learning,Data Analysis,SQL,Marketing,Python"
U00871,Rachel Small,Male,29,Marketing,3.54,Hansenmouth,Inc,"SQL,Data Analysis"
U00872,Robert Rodriguez,Male,29,Psychology,3.34,Odomport,and Sons,"C++,AI"
U00873,Jeremy Johnson,Female,27,Economics,3.93,East Harry,Inc,"Python,SQL,C++"
U00874,Timothy Winters,Female,22,Marketing,3.47,New Charles,Group,"Data Analysis,Design,Management,Marketing,Communication"
U00875,Cory Powers,Male,28,Engineering,2.1,Smithtown,Group,"Python,Marketing,Communication,Data Analysis,Machine Learning"
U00876,Miss Allison Miller,Female,29,Marketing,2.15,North Sara,PLC,"AI,Python,Java"
U00877,Lauren Webster,Male,28,Biology,3.32,Kingmouth,and Sons,"Marketing,Design,Communication,Cloud Computing"
U00878,Ashley Jackson,Male,29,Business,3.54,Amandaview,PLC,"Data Analysis,Communication,AI"
U00879,Jamie Snyder,Female,26,Business,2.18,South Jonathan,Inc,"Machine Learning,Python,Communication,C++,SQL"
U00880,Zoe Lee,Female,23,Engineering,3.34,West Davidstad,Group,"Marketing,Design"
U00881,Katie Fernandez,Male,20,Business,2.3,Shannonside,PLC,"Design,Data Analysis,Cloud Computing"
U00882,Angela Craig,Female,21,Business,2.3,New Paul,and Sons,"Python,Marketing,C++,Management"
U00883,Adrienne Duncan,Male,23,Biology,2.23,Richardsonside,Group,"Data Analysis,Python,SQL"
U00884,Eric Spears DDS,Male,24,Physics,2.56,New Jackview,LLC,"AI,Communication,Management,Cloud Computing,Data Analysis"
U00885,Patricia Reed,Male,28,Business,3.29,West Johnny,Ltd,"AI,Management"
U00886,Dylan Pratt,Male,22,Marketing,2.94,Walterbury,Group,"Python,SQL,Data Analysis,Marketing,Java"
U00887,Ronald Martin,Male,21,Marketing,3.25,Sancheztown,Group,"Data Analysis,Communication"
U00888,Alyssa Davis,Female,22,Biology,3.9,Lopezville,and Sons,"Marketing,Cloud Computing"
U00889,Alexis Anderson,Male,26,Computer Science,3.38,Dominguezfurt,Inc,"AI,Cloud Computing,C++"
U00890,Raymond Turner,Male,21,Marketing,3.6,South Michele,LLC,"Machine Learning,Marketing"
U00891,Joshua Campbell,Female,21,Physics,2.21,Wilkinsfort,Group,"AI,C++"
U00892,Micheal Robinson,Male,30,Economics,2.51,West Jill,and Sons,"Java,Management,Machine Learning,Python,AI"
U00893,Nicholas Taylor,Male,26,Biology,3.83,East Donnastad,Ltd,"Marketing,SQL,Python,Java"
U00894,Jill Turner,Female,29,Biology,2.01,Ellisview,and Sons,"SQL,Communication,Data Analysis"
U00895,Angela Turner,Female,30,Physics,2.33,Dianamouth,Inc,"Cloud Computing,Machine Learning,Design,Java,Management"
U00896,Joshua Camacho,Female,20,Psychology,3.2,Andreton,Ltd,"Management,Communication,Java"
U00897,Melissa Davis,Male,24,Marketing,3.5,North Patricia,and Sons,"Marketing,C++"
U00898,Jessica Hicks,Male,24,Psychology,3.27,Andrewstad,Group,"Communication,Design"
U00899,Karen Davis,Male,24,Engineering,2.33,Reynoldshaven,PLC,"AI,SQL"
U00900,Megan Smith,Male,25,Marketing,3.18,Drakeberg,Ltd,"SQL,Cloud Computing,Management,C++"
U00901,James Duffy,Female,23,Business,2.78,Theresaborough,LLC,"Python,C++,Data Analysis"
U00902,Alex Gonzales,Male,25,Psychology,2.9,Daniellemouth,and Sons,"Design,Cloud Computing,Marketing,Java,Machine Learning"
U00903,Raymond Fuentes,Male,24,Biology,3.65,Danielborough,Ltd,"Data Analysis,SQL,Cloud Computing,Management"
U00904,Ann Cross,Male,27,Economics,2.33,Owensshire,and Sons,"C++,SQL"
U00905,Ronald Smith,Male,24,Computer Science,2.57,Evanview,PLC,"Communication,Java,C++,Data Analysis"
U00906,Kevin Middleton,Female,25,Physics,2.25,New Jillianville,PLC,"C++,Marketing,Cloud Computing"
U00907,Melissa Kelly,Male,21,Business,3.32,Gomezland,and Sons,"Communication,Data Analysis,Python"
U00908,Laurie Mcdonald,Female,20,Economics,2.7,Jameston,Ltd,"Machine Learning,Python,Design,Communication,SQL"
U00909,Joseph Frazier,Female,22,Biology,3.03,Port Timothy,LLC,"Communication,Java,Data Analysis,SQL,AI"
U00910,Christina Medina,Male,30,Physics,3.11,Lake Hollystad,Inc,"Java,Communication,Python,Data Analysis,Management"
U00911,Michael Solis,Male,27,Business,2.16,Timothychester,Group,"Data Analysis,SQL,AI"
U00912,Joseph Erickson,Male,27,Psychology,2.65,North Anna,PLC,"Machine Learning,Design"
U00913,Emily Valentine,Female,25,Psychology,3.69,Port Linda,Group,"Cloud Computing,Management,Java,AI,C++"
U00914,Olivia Norris,Female,28,Psychology,3.65,Shelbymouth,Ltd,"Java,Design,Management,Python"
U00915,Denise Hanna,Male,20,Computer Science,3.69,North Cheryl,Inc,"Cloud Computing,Marketing,C++"
U00916,Brandi Evans,Male,22,Business,2.88,New Janetstad,PLC,"Cloud Computing,Python"
U00917,Thomas Taylor,Male,30,Computer Science,3.54,Jasonmouth,Inc,"Java,C++,Marketing,Management"
U00918,Sandra Chan,Male,25,Physics,2.82,South Mariastad,Group,"SQL,C++,AI"
U00919,Brian Stephens,Female,27,Physics,2.4,Blackwellfort,LLC,"C++,Cloud Computing"
U00920,Joseph Rosario,Female,26,Engineering,2.89,Stephenfurt,and Sons,"Java,Data Analysis,C++,SQL,Marketing"
U00921,Joshua Kane,Female,27,Psychology,2.59,Brownville,Ltd,"Management,Python,Java"
U00922,Glenn Miller,Male,29,Psychology,3.9,Brockside,PLC,"AI,Java,SQL,Cloud Computing,Python"
U00923,Abigail Flores,Male,22,Economics,2.62,West Devin,PLC,"Communication,Machine Learning,Data Analysis,Marketing,SQL"
U00924,Diane Price,Male,28,Physics,3.91,Port Stephen,LLC,"Data Analysis,Java"
U00925,Nancy Spears,Female,29,Physics,3.78,Jessestad,Inc,"Java,Data Analysis,AI,Communication"
U00926,Larry Horne DDS,Male,29,Physics,3.44,Barbaramouth,Inc,"Cloud Computing,AI"
U00927,Cathy Martin,Male,20,Business,3.48,Port Lisa,Ltd,"Data Analysis,C++"
U00928,Julie Smith,Female,20,Computer Science,2.15,Richardsontown,Ltd,"Management,C++"
U00929,Eric Lopez,Female,23,Marketing,3.05,Hendersonland,Inc,"Management,SQL,Communication,Cloud Computing"
U00930,Belinda Miller,Male,20,Computer Science,2.45,Deborahborough,Group,"AI,Marketing,Python,Cloud Computing,Management"
U00931,Crystal Garcia,Female,26,Engineering,2.96,East Jill,Group,"Java,Cloud Computing"
U00932,Jerome Torres,Male,20,Marketing,3.0,Jeffreyfort,Ltd,"Communication,Marketing,Design,Management"
U00933,Michelle Gentry,Female,27,Economics,2.25,South Deborah,PLC,"Cloud Computing,AI,Java,Machine Learning,Management"
U00934,Kristin Martin,Female,25,Economics,3.57,Larryland,Group,"Machine Learning,Design,C++,SQL"
U00935,Daniel Jacobs,Male,24,Business,3.06,Malloryland,Group,"Data Analysis,Python,Management,Machine Learning"
U00936,James Campbell,Male,26,Business,3.96,Gomeztown,Ltd,"Communication,Machine Learning"
U00937,Angela Liu,Male,20,Psychology,2.44,Jeffreymouth,and Sons,"AI,C++,Cloud Computing,Communication,Design"
U00938,Karen Hayes,Female,26,Psychology,2.74,South Christineshire,LLC,"SQL,Java,Machine Learning,Data Analysis"
U00939,Lisa Williams,Female,27,Biology,2.62,Stoneshire,and Sons,"Marketing,AI,Machine Learning,Data Analysis,C++"
U00940,Susan Berry,Female,23,Business,2.36,Port Melaniemouth,Ltd,"Marketing,Machine Learning,SQL,C++"
U00941,Nicole Cherry,Male,23,Business,2.04,Webbfort,PLC,"Python,Data Analysis"
U00942,Patricia Vaughn,Male,27,Computer Science,3.28,Lake Robertmouth,LLC,"Java,C++"
U00943,Brandon Liu,Male,23,Psychology,2.85,New Walterfort,Group,"Design,SQL,Data Analysis,Python,Marketing"
U00944,Hannah Romero,Female,21,Psychology,3.6,East Daniel,LLC,"Machine Learning,Communication,Design"
U00945,Kenneth Johnson,Male,23,Physics,2.7,North Linda,Group,"Cloud Computing,Communication,Java,Management,Marketing"
U00946,Alexandra Barton,Male,24,Economics,2.29,Alecton,LLC,"Java,C++"
U00947,Troy Martinez,Female,23,Computer Science,2.01,Josefort,PLC,"Design,Java,Python,C++"
U00948,Caitlyn Murray,Female,21,Engineering,3.52,Carlsonmouth,Group,"Java,Management,Cloud Computing"
U00949,Philip Crosby,Male,30,Physics,2.54,Port Johnchester,LLC,"Management,Communication,Data Analysis,Marketing"
U00950,Wesley Jennings,Male,23,Physics,3.07,North Christinashire,Inc,"Python,Marketing"
U00951,Brandy Garza,Male,20,Psychology,2.66,Christyburgh,LLC,"Java,Communication,Python"
U00952,Michael Medina,Female,29,Computer Science,2.66,Traviston,Group,"SQL,AI,Data Analysis"
U00953,Patricia Davis,Male,27,Biology,3.04,North Connieland,Group,"Communication,SQL,AI"
U00954,Joann Woods,Female,30,Psychology,3.49,Lake Cindystad,and Sons,"AI,SQL,Management,Python"
U00955,Lisa Hanna,Female,25,Psychology,2.19,Hallmouth,and Sons,"Python,C++,Cloud Computing"
U00956,Casey Davies,Female,28,Marketing,2.5,Osborneview,LLC,"Marketing,Python,Java"
U00957,Jessica Warner,Female,24,Engineering,3.41,South Larrytown,Group,"Communication,SQL,AI"
U00958,Lauren Harmon,Female,28,Engineering,3.46,Jamesmouth,LLC,"AI,SQL,C++,Data Analysis"
U00959,Amanda James,Female,21,Biology,3.62,Williamburgh,Inc,"SQL,Machine Learning,Cloud Computing,AI,Design"
U00960,David Lopez,Male,20,Computer Science,3.78,Taylorbury,LLC,"Machine Learning,SQL,Design,Python"
U00961,Jordan Davis DVM,Female,26,Business,3.64,South Amanda,PLC,"Java,Marketing,Cloud Computing,Python"
U00962,Erin Jackson,Female,24,Business,2.3,East Nicolas,LLC,"Communication,Java"
U00963,Stuart Johnson,Male,28,Engineering,3.47,North Adrianstad,LLC,"Machine Learning,AI,Data Analysis,Communication"
U00964,Becky Young,Female,20,Economics,2.04,North Alishatown,Group,"Communication,C++,AI,Python,SQL"
U00965,Elizabeth Freeman,Male,29,Biology,2.46,Warrenbury,and Sons,"C++,Marketing,Python,Data Analysis"
U00966,Brenda Kim,Female,28,Biology,3.88,Port Joseph,Group,"Python,Management,Design,Cloud Computing,Communication"
U00967,Rebecca Nguyen,Male,23,Physics,2.26,Codytown,LLC,"Marketing,Java"
U00968,Austin White,Female,30,Biology,2.48,Walterfurt,LLC,"Data Analysis,Python,Marketing,Communication,AI"
U00969,Mark Harvey,Male,28,Marketing,3.52,New Mary,Group,"Data Analysis,Machine Learning,Python"
U00970,Michael Wright,Female,23,Marketing,2.98,Stacychester,PLC,"SQL,Cloud Computing,Communication,Data Analysis,Machine Learning"
U00971,Kimberly Adams,Female,30,Psychology,2.01,North Katrina,Ltd,"AI,Cloud Computing"
U00972,Charles Whitaker,Male,22,Engineering,2.01,West William,Inc,"Marketing,AI,SQL"
U00973,David Malone,Male,27,Marketing,3.27,Lake Paulaville,and Sons,"C++,Machine Learning,AI,SQL"
U00974,Michelle Conner,Male,29,Economics,3.51,North Sheilatown,and Sons,"Java,Cloud Computing,Data Analysis,Communication"
U00975,Mrs. Mary Rodriguez,Female,26,Economics,3.1,East Mason,Group,"Data Analysis,Machine Learning,Java,Management,Communication"
U00976,Lawrence Lopez,Female,25,Economics,3.66,Samuelfurt,Ltd,"Data Analysis,Marketing"
U00977,Kimberly Johnson,Male,25,Engineering,3.92,Amyport,Group,"Communication,Marketing,Design,AI,Data Analysis"
U00978,Ronald Sims,Female,28,Biology,2.71,Bennettshire,Ltd,"Design,AI,Java"
U00979,Stephanie Barrett,Male,30,Biology,3.8,Port Cynthia,Group,"AI,Machine Learning"
U00980,Karen Romero,Female,21,Economics,3.96,New Sharonmouth,LLC,"Cloud Computing,Machine Learning,C++"
U00981,Charles Thompson,Male,25,Economics,2.43,Glassstad,Inc,"Machine Learning,Design,Java,Management,Python"
U00982,Christina Becker,Female,22,Physics,3.38,New Stacy,LLC,"Data Analysis,AI"
U00983,Andrew Clarke,Female,23,Business,3.53,Jonesville,LLC,"Java,Python"
U00984,Christopher Mayo,Female,28,Psychology,2.6,West Rogerfort,Group,"SQL,Machine Learning,C++"
U00985,Cameron Spencer,Male,26,Computer Science,2.57,New Johnburgh,Group,"SQL,Data Analysis,Machine Learning,Marketing,Python"
U00986,Ernest Mcclain,Male,28,Economics,2.21,Andreatown,LLC,"Cloud Computing,Python,Communication,Design,C++"
U00987,Kimberly Fletcher,Male,25,Business,3.66,Jimenezshire,Group,"Cloud Computing,Java"
U00988,Kelsey Johnson,Female,28,Business,2.63,Karaland,Inc,"Marketing,Machine Learning,Java,SQL"
U00989,Troy Peters,Male,29,Business,2.96,Stephenfurt,and Sons,"AI,Data Analysis,Cloud Computing,Management,Python"
U00990,Sharon Brown,Male,29,Business,3.52,Brittanymouth,PLC,"Data Analysis,Design,Python,Java,Machine Learning"
U00991,John Woodard,Female,25,Economics,3.09,South Marcia,Ltd,"AI,Machine Learning,Design"
U00992,Steven Lawson,Male,21,Business,2.23,Mejiashire,Inc,"Communication,SQL,Cloud Computing,Data Analysis,Python"
U00993,Lindsay Reyes,Male,24,Psychology,3.07,South Andre,and Sons,"Management,Java"
U00994,Mary Smith,Female,23,Computer Science,3.51,New Eric,Group,"Cloud Computing,SQL,C++"
U00995,Selena Bowman,Male,21,Economics,3.79,West Luisstad,Ltd,"Data Analysis,AI,C++,Design,SQL"
U00996,Vincent Kennedy,Female,22,Psychology,3.72,Karenton,and Sons,"Python,Management,SQL,Design"
U00997,Daniel Griffin Jr.,Female,26,Business,2.08,Brettborough,LLC,"Management,Cloud Computing,Marketing"
U00998,Ronald Kirby,Male,28,Biology,2.94,North Amandahaven,Inc,"SQL,Machine Learning,Python"
U00999,Tina Carter,Male,27,Biology,2.7,East Monicabury,Group,"Java,Communication"
U01000,Angela Wilson,Male,25,Economics,2.18,Port Taylor,and Sons,"Python,C++,SQL,Data Analysis,Java"
